action_idx,oracle_loss_mean,oracle_loss_event,oracle_loss_non_event,event_rate,oracle_loss_subtype_particle,steps_subtype_particle,oracle_loss_subtype_flux,steps_subtype_flux,oracle_loss_subtype_thermal,steps_subtype_thermal,oracle_loss_macro_subtype_event,macro_subtype_event_count,power_mean,warmup_abort_count,sensor_ids,sensor_0,sensor_1,sensor_2,sensor_3,sensor_4,sensor_5,oracle_loss_subtype_particle_staticnorm,oracle_loss_subtype_flux_staticnorm,oracle_loss_subtype_thermal_staticnorm,oracle_loss_macro_subtype_event_staticnorm,prior_logit
22,0.2696126874725451,0.4859485054757389,0.13431695367372226,0.384765625,0.6582090126675203,218,0.393994477557407,278,0.3597424969861382,95,0.4706486624036885,3,1.2799999999999996,0,surface_temp_ir|laser_disdrometer,0,0,0,1,1,0,0.6950787869070514,0.8518169666709119,1.3376339959886612,0.9615099165222082,0.0
19,0.29020434547176893,0.5353315925562846,0.13690254332684965,0.384765625,0.7275291959490251,218,0.4848526855595678,278,0.24200589366649328,95,0.48479592505836205,3,1.2200000000000002,0,shielded_thermo_hygro|laser_disdrometer,0,0,1,0,1,0,0.7682819609386737,1.0482526213464995,0.899852848384471,0.9054624768898814,0.0
21,0.29053229864075547,0.5235004042056208,0.1448347850017762,0.384765625,0.732043147326336,218,0.45505310584315295,278,0.24524809835772765,95,0.4774481171757388,3,1.72,0,radiometer_basic|shielded_thermo_hygro|laser_disdrometer,0,1,1,0,1,0,0.7730487626492476,0.983825861460237,0.9119083693565071,0.8895943311553305,0.0
8,0.2968019569525495,0.565866632875553,0.12852976280387748,0.384765625,0.959666415399641,218,0.3444755926406641,278,0.31005986019184717,95,0.5380672894107174,3,0.58,0,surface_temp_ir,0,0,0,1,0,0,1.0134224160014098,0.7447570235869128,1.1528985684448823,0.9703593360110684,0.0
12,0.2971968880277321,0.5428131877266614,0.14358923393030645,0.384765625,0.9444513367232653,218,0.35237418594870634,278,0.1784439878636285,95,0.4917565035118667,3,1.0999999999999999,0,shielded_thermo_hygro|surface_temp_ir,0,0,1,1,0,0,0.997355060153135,0.761833800485755,0.6635100010310291,0.8075662872233064,0.0
27,0.29723790221032687,0.5578396894075544,0.13425837180444172,0.384765625,0.8604276887730721,218,0.43567423825319723,278,0.22097454792574833,95,0.5056921583173392,3,1.1400000000000003,0,shielded_thermo_hygro|fc4_flux,0,0,1,0,0,1,0.9086248024922202,0.941928705159136,0.821651792685189,0.8907351001121816,0.0
4,0.2986579057299726,0.5683254248725783,0.13000869534554935,0.384765625,0.9924707418700697,218,0.3588145052839955,278,0.2081186516112403,95,0.5198012995884351,3,0.5199999999999999,0,shielded_thermo_hygro,0,0,1,0,0,0,1.0480642866071623,0.7757577857014581,0.7738495894335283,0.8658905539140496,0.0
6,0.30059321664642386,0.5457232720179203,0.147289658207742,0.384765625,0.9243876822634575,218,0.3613228952552346,278,0.21640183313896783,95,0.5007041368858867,3,1.0199999999999998,0,radiometer_basic|shielded_thermo_hygro,0,1,1,0,0,0,0.9761675341022119,0.7811809305886027,0.8046490231931172,0.8539991626279773,0.0
15,0.3090106472397262,0.5688793202972452,0.14648960408946823,0.384765625,0.6679608363897429,218,0.49494608738225143,278,0.5578653017941274,95,0.573590741855374,3,0.7000000000000001,0,laser_disdrometer,0,0,0,0,1,0,0.705376861944802,1.070074579302081,2.0743159318512565,1.2832557910327131,0.0
17,0.31018480378649355,0.5760120568188717,0.14393728363608557,0.384765625,0.6555003971544975,218,0.46968440199605854,278,0.7047555288986156,95,0.6099801093497238,3,1.1999999999999997,0,radiometer_basic|laser_disdrometer,0,1,0,0,1,0,0.6922184474878759,1.0154587573949672,2.620499279939346,1.4427254949407295,0.0
34,0.31296748418632586,0.5770039617788368,0.14783990931100946,0.384765625,0.6900690273817526,218,0.4625341980416569,278,0.6525240672262091,95,0.6017090975498729,3,1.32,0,laser_disdrometer|fc4_flux,0,0,0,0,1,1,0.7287234498518226,1.0,2.426286532269777,1.3850033273738667,0.0
14,0.313608911477786,0.540168710153821,0.1719191326232499,0.384765625,0.9222669694572687,218,0.3624579260031954,278,0.18339163084563456,95,0.4893721754353662,3,1.5999999999999999,0,radiometer_basic|shielded_thermo_hygro|surface_temp_ir,0,1,1,1,0,0,0.9739280289354109,0.7836348696762776,0.6819068696473078,0.8131565894196654,0.0
29,0.31468088277082035,0.5882964086247681,0.1435626015224785,0.384765625,0.9515499321555873,218,0.425039882202157,278,0.23246531615916052,95,0.5363517101723015,3,1.6400000000000003,0,radiometer_basic|shielded_thermo_hygro|fc4_flux,0,1,1,0,0,1,1.0048512855266618,0.9189372029176466,0.8643780270272801,0.9293888384905294,0.0
10,0.3175293217015375,0.5562063690634246,0.16826145398632558,0.384765625,0.9197165051116309,218,0.3518552778007315,278,0.32004209235310555,95,0.5305379584218227,3,1.08,0,radiometer_basic|surface_temp_ir,0,1,0,1,0,0,0.9712346995684502,0.7607119198763387,1.1900155985611909,0.9739874060019934,0.0
16,0.32428955909441964,0.611568310822781,0.14462633975953967,0.384765625,0.8365248665213585,218,0.5522489456607284,278,0.2689394094834202,95,0.5525710738885024,3,1.2200000000000002,0,met_station_core|laser_disdrometer,1,0,0,0,1,0,0.8833830565200053,1.1939634906973766,1.0,1.025782182405794,-0.0
20,0.32511091303361656,0.6155213971075472,0.14348911823182509,0.384765625,0.8389869429376147,218,0.5575930898566898,278,0.2722432963157955,95,0.5562744430366999,3,1.7399999999999995,0,met_station_core|shielded_thermo_hygro|laser_disdrometer,1,0,1,0,1,0,0.885983046881347,1.2055175427406377,1.0122848742723183,1.0345951546314345,-0.0
5,0.3298340840168142,0.643208140850874,0.1338509437110689,0.384765625,1.0334520082271428,218,0.47428838281537133,278,0.24201371607027555,95,0.5832513690375966,3,1.0399999999999998,0,met_station_core|shielded_thermo_hygro,1,0,1,0,0,0,1.0913411308271272,1.0254125745155298,0.8998819345038958,1.0055452132821843,-0.0
1,0.33079782906618976,0.645652992307333,0.1338884095153796,0.384765625,1.0346024651251255,218,0.4763806396358305,278,0.24846066565890063,95,0.5864812568066189,3,0.5199999999999999,0,met_station_core,1,0,0,0,0,0,1.0925560309115212,1.0299360385735772,0.9238536893352476,1.0154485862734486,-0.0
0,0.3308899471303448,0.6409821725764049,0.13695925375614218,0.384765625,0.9469559783235603,218,0.37419031547020665,278,0.7195700317621231,95,0.6802387751852966,3,0.0,0,,0,0,0,0,0,0,1.0,0.8090003226885857,2.6755841888114347,1.4948615038333404,-0.0
18,0.33103193305578316,0.6194000633814815,0.1506874198044734,0.384765625,0.8265887867966923,218,0.5679078182245759,278,0.29463903652994256,95,0.5630452138504036,3,1.72,0,met_station_core|radiometer_basic|laser_disdrometer,1,1,0,0,1,0,0.8728904043248563,1.2278180091960007,1.095559171100607,1.0654225282071546,-0.0
30,0.33427322531012277,0.61436957906295,0.15910185486787842,0.384765625,0.9235236454037351,218,0.46174832181536035,278,0.3515603480370421,95,0.5789441050853792,3,1.1999999999999997,0,surface_temp_ir|fc4_flux,0,0,0,1,0,1,0.9752550979599828,0.9983009337912225,1.3072102326405806,1.0935887547972618,-0.0
28,0.33456037242770736,0.6565326198733801,0.13319995100930254,0.384765625,1.0246553258338105,218,0.49286366455096137,278,0.29073493229715447,95,0.6027513075606421,3,1.6600000000000001,0,met_station_core|shielded_thermo_hygro|fc4_flux,1,0,1,0,0,1,1.0820516996447975,1.0655723763512355,1.0810425026796897,1.0762221928919076,-0.0
23,0.3354105064790929,0.6626162720866211,0.13077705941660694,0.384765625,0.9964127128414058,218,0.42063414409971067,278,0.6047574036215481,95,0.673934753520888,3,0.62,0,fc4_flux,0,0,0,0,0,1,1.0522270682586545,0.9094119870069096,2.2486752863151156,1.4034381138602265,-0.0
33,0.3361044622361078,0.5803498989333558,0.18335414150798762,0.384765625,0.906475555886506,218,0.4550850386831829,278,0.198541877183475,95,0.5200341572510546,3,1.72,0,shielded_thermo_hygro|surface_temp_ir|fc4_flux,0,0,1,1,0,1,0.9572520546216745,0.9838949003338275,0.7382401767180011,0.8931290438911678,-0.0
24,0.3364225251255751,0.6581851863278653,0.13519317827842853,0.384765625,1.023972519459801,218,0.503744769037413,278,0.2707409482645361,95,0.5994860789205835,3,1.1400000000000003,0,met_station_core|fc4_flux,1,0,0,0,0,1,1.0813306456680138,1.0890973492776088,1.0066986790243062,1.059042224656643,-0.0
7,0.3372889636108691,0.6616684863826042,0.13442303984568862,0.384765625,1.0640349462628365,218,0.4821132905781269,278,0.2637785514326472,95,0.6033089294245368,3,1.5399999999999998,0,met_station_core|radiometer_basic|shielded_thermo_hygro,1,1,1,0,0,0,1.1236371812621602,1.0423300430959845,0.9808103317372266,1.0489258520317903,-0.0
3,0.3384401549046743,0.6629630805020001,0.1354845474676165,0.384765625,1.0629577349290389,218,0.4841718578295742,278,0.2682801882687368,95,0.6051365936757832,3,1.0199999999999998,0,met_station_core|radiometer_basic,1,1,0,0,0,0,1.122499629614084,1.0467806702283418,0.9975488113997512,1.0556097037473922,-0.0
9,0.34114855499744107,0.6608580269751513,0.14120326617328577,0.384765625,1.0834107482720405,218,0.4850406341737123,278,0.20570794230228975,95,0.5913864415826809,3,1.0999999999999999,0,met_station_core|surface_temp_ir,1,0,0,1,0,0,1.144098324602219,1.0486589666825639,0.7648858257605842,0.9858810390151224,-0.0
32,0.34153425639184815,0.6203663134774077,0.1671535730716728,0.384765625,0.9665766541222367,218,0.44297188531151777,278,0.34501680578840405,95,0.5848551150740529,3,1.6999999999999995,0,radiometer_basic|surface_temp_ir|fc4_flux,0,1,0,1,0,1,1.0207197338079135,0.9577062348838965,1.2828793163899392,1.0871017616939165,-0.0
13,0.34160914124489256,0.6697054805136372,0.13641873224189988,0.384765625,1.1054827375764693,218,0.4863308356981054,278,0.2063234722927997,95,0.5993790151891248,3,1.6200000000000008,0,met_station_core|shielded_thermo_hygro|surface_temp_ir,1,0,1,1,0,0,1.1674066829733272,1.0514483853457801,0.76717455686062,0.9953432083932424,-0.0
26,0.34169727950817713,0.6652939983607347,0.13932091882895856,0.384765625,1.0531121219311832,218,0.4850789235918213,278,0.3027196809649467,95,0.6136369088293171,3,1.6400000000000003,0,met_station_core|radiometer_basic|fc4_flux,1,1,0,0,0,1,1.112102511666441,1.0487417484925816,1.125605509235005,1.0954832564646757,-0.0
25,0.35371956726157805,0.6649780624472046,0.15905949249469414,0.384765625,0.9798891957712557,218,0.41954183439127835,278,0.6605637922883034,95,0.686664940816946,3,1.1200000000000003,0,radiometer_basic|fc4_flux,0,1,0,0,0,1,1.0347779814495692,0.9070504109049542,2.4561807195052476,1.4660030372865904,-0.0
11,0.35666146106329205,0.6905432154886211,0.14785287178776882,0.384765625,1.0937443341410489,218,0.5297569120101792,278,0.23581425233891135,95,0.6197718328300464,3,1.5999999999999999,0,met_station_core|radiometer_basic|surface_temp_ir,1,1,0,1,0,0,1.1550107493669926,1.145335662212955,0.8768304087224116,1.0590589401007862,-0.0
31,0.3588205500879364,0.6957737024867192,0.14809111827028493,0.384765625,1.0769156070614079,218,0.5592682427532382,278,0.22061141415646202,95,0.618931754657036,3,1.72,0,met_station_core|surface_temp_ir|fc4_flux,1,0,0,1,0,1,1.1372393561186669,1.2091392271558463,0.8203015488887003,1.0555600440544046,-0.0
2,0.3691081293945899,0.6589211763060839,0.18785996989756035,0.384765625,0.9063126661498612,218,0.4058714068943648,278,0.8317263458904467,95,0.7146368063115576,3,0.5,0,radiometer_basic,0,1,0,0,0,0,0.9570800405678289,0.8774949152144877,3.0926160932978535,1.6423970163600565,-0.0
