step,loss,policy_loss,value_loss,entropy_mean,awbc_loss,prior_kl_loss,soc_aux_loss,subtype_aux_loss,subtype_aux_accuracy,advantage_mean,advantage_std,event_rate,awbc_label_rate,greedy_unique_actions,bc_pretrain,bc_steps,bc_accuracy,forecast_weighted_mae_overall,reward_mean
0,2.9441359688838324,,,3.0680853525797525,2.819675820569197,,,0.41486713383346796,0.9214587130894264,,,0.0,1.0,3,1,2000,0.4633569980602867,,
1024,20.86096491664648,0.00013932048750575632,41.336619824171066,3.0104455947875977,2.534265425056219,0.0,0.0,0.14981152187101543,0.968505859375,-6.540563583374023,5.895595550537109,0.0,0.25,22,0,0,,,
2048,28.466951817274094,-0.006384063308360055,56.671898663043976,2.9831023551523685,2.3500609546899796,0.0,0.0,0.13218573160702363,0.9659423828125,-7.964239597320557,6.96148681640625,0.0,0.25,22,0,0,,,
3072,181.68765968084335,-0.00984841694298666,363.2249128818512,2.8734389133751392,2.1447578091174364,0.0,0.0,0.03860972315305844,0.9892578125,-10.874958038330078,17.052204132080078,0.0,0.25,22,0,0,,,
4096,104.28542882204056,-0.010553893007454462,208.3422919511795,2.903861925005913,2.1542159747332335,0.0,0.0,0.05307096161413938,0.9888916015625,-10.70576286315918,11.480059623718262,0.0,0.25,22,0,0,,,
5120,29.10236844420433,-0.012468863656977192,58.00460755825043,2.833827245980501,2.021569434553385,0.0,0.0,0.04304553079418838,0.9888916015625,-6.174579620361328,5.829912185668945,0.0,0.25,22,0,0,,,
6144,81.31501060724258,-0.014275837718741968,162.35536670684814,2.902917817234993,2.1838794108480215,0.0,0.0,0.03334056891617365,0.991455078125,-10.699189186096191,8.832602500915527,0.0,0.25,22,0,0,,,
7168,32.759762704372406,-0.012616161671758164,65.37350511550903,2.7297381795942783,1.8162921592593193,0.0,0.0,0.021498841277207248,0.9949951171875,-4.915102005004883,7.173340797424316,0.0,0.25,22,0,0,,,
8192,179.38490569591522,-0.01580251334235072,358.6917417049408,2.566477082669735,1.5547034684568644,0.0,0.0,0.024084897253487725,0.994140625,-9.53520393371582,17.392810821533203,0.0,0.25,22,0,0,,,
9216,46.257470548152924,-0.010045009650639258,92.38701152801514,2.5674245469272137,1.527760436758399,0.0,0.0,0.021585710521321744,0.9925537109375,-5.694296836853027,8.511932373046875,0.0,0.25,22,0,0,,,
10240,57.18935841321945,-0.011133819978567772,114.1995416879654,2.678409781306982,1.8586921151727438,0.0,0.0,0.024815067547024228,0.99169921875,-7.637426853179932,8.621594429016113,0.0,0.25,22,0,0,,,
11264,35.00921615958214,-0.010827459278516471,69.8364674448967,2.5836563482880592,1.4515990167856216,0.0,0.0,0.02016095996441436,0.994140625,-3.4587512016296387,8.040566444396973,0.0,0.25,22,0,0,,,
12288,54.93368485569954,-0.010323517344659194,109.71608698368073,2.704814560711384,1.4008445888757706,0.0,0.0,0.016598849948422867,0.9951171875,-6.112725257873535,9.225997924804688,0.0,0.25,22,0,0,,,
13312,12.491147637367249,-0.014753492439922411,24.896514788269997,2.480271454900503,1.2594426684081554,0.0,0.0,0.018517995515139773,0.99365234375,-1.5719757080078125,5.894355773925781,0.0,0.25,22,0,0,,,
14336,98.06611341238022,-0.020927518547978252,196.05664563179016,2.48179929330945,1.2772391978651285,0.0,0.0,0.02436989538546186,0.9935302734375,-7.978306770324707,17.34897232055664,0.0,0.25,22,0,0,,,
15360,14.55961924791336,-0.010676197918655816,29.055106669664383,2.1768296137452126,1.2587170284241438,0.0,0.0,0.011004985153704183,0.995849609375,0.7032554745674133,5.887662887573242,0.0,0.25,22,0,0,,,
16384,17.124139219522476,-0.014151615963783115,34.16343976557255,2.2763794139027596,1.036748711951077,0.0,0.0,0.011541617814145866,0.994873046875,-0.03625810146331787,6.62335729598999,0.0,0.25,22,0,0,,,
17408,9.610423378646374,-0.013301060549565591,19.18469698727131,2.1896964386105537,0.8377421796321869,0.0,0.0,0.007125594136596192,0.99853515625,0.8350489139556885,6.65196418762207,0.0,0.25,22,0,0,,,
18432,35.535347014665604,-0.00914506170374807,71.03548926115036,2.2869954332709312,1.2096178838983178,0.0,0.0,0.011141658778797137,0.996337890625,-1.8912651538848877,9.188486099243164,0.0,0.25,22,0,0,,,
19456,34.89978723227978,-0.022728971438482404,69.7715654373169,2.182778302580118,0.924427648074925,0.0,0.0,0.008957838010246633,0.9974365234375,-3.377174139022827,11.376582145690918,0.0,0.25,22,0,0,,,
20480,34.968763530254364,-0.014232750734663568,69.8937229514122,2.0975836664438248,0.82006033975631,0.0,0.0,0.012292038161831442,0.9962158203125,-2.2183613777160645,9.631227493286133,0.0,0.25,22,0,0,,,
21504,16.379524797201157,-0.01804018121038098,32.65841834247112,2.452201545238495,1.1788116805255413,0.0,0.0,0.013869684929886716,0.99462890625,-3.9886770248413086,8.064024925231934,0.0,0.25,22,0,0,,,
22528,172.61851799488068,-0.012079312524292618,345.1095848083496,2.4949582032859325,1.4388161897659302,0.0,0.0,0.014022264890627412,0.99560546875,-8.95212459564209,19.477333068847656,0.0,0.25,22,0,0,,,
23552,9.507510773837566,-0.010609302844386548,19.016042593866587,1.6195659879595041,0.4421173669397831,0.0,0.0,0.0064489198393857805,0.9971923828125,3.5232768058776855,6.289446830749512,0.0,0.25,21,0,0,,,
24576,30.440700344741344,-0.011841427069157362,60.83730784058571,2.2087470665574074,1.126425470225513,0.0,0.0,0.012828693064875551,0.99560546875,-0.3282278776168823,10.010958671569824,0.0,0.25,22,0,0,,,
25600,7.841325435787439,-0.008975962628028356,15.644070316106081,1.9065193571150303,0.747367488220334,0.0,0.0,0.006565831710759085,0.9971923828125,0.7514032125473022,6.9377593994140625,0.0,0.25,22,0,0,,,
26624,21.433286800980568,-0.013794452650472522,42.81048099696636,2.3180355355143547,1.2995122959837317,0.0,0.0,0.014781728939851746,0.9945068359375,-0.9481909275054932,9.265576362609863,0.0,0.25,22,0,0,,,
27648,19.97191208973527,-0.010167127009481192,39.881220638751984,2.1774532832205296,0.9444910129532218,0.0,0.0,0.010644083788065473,0.9962158203125,-2.2023420333862305,10.120757102966309,0.0,0.25,22,0,0,,,
28672,80.2503217458725,-0.018606828831252642,160.4777324795723,1.985808301717043,0.8014607103541493,0.0,0.0,0.007539258866017917,0.997802734375,-7.295994758605957,15.387879371643066,0.0,0.25,22,0,0,,,
29696,12.231736771762371,-0.012848213198594749,24.463913094252348,1.8029348496347666,0.7195044630207121,0.0,0.0,0.006612695902731502,0.9981689453125,0.9553818702697754,9.449641227722168,0.0,0.25,22,0,0,,,
30720,22.23932843655348,-0.01213519967859611,44.43269211053848,2.1036030128598213,1.0775695135816932,0.0,0.0,0.014844253110823047,0.9957275390625,-0.9258979558944702,9.392943382263184,0.0,0.25,22,0,0,,,
31744,12.692404348403215,-0.01752997470612172,25.384233251214027,1.9722720868885517,0.8409917689859867,0.0,0.0,0.004928424853460456,0.998291015625,0.017869114875793457,8.282051086425781,0.0,0.25,22,0,0,,,
32768,6.2774610025808215,-0.009950699110049754,12.53221402131021,1.5838679186999798,0.516723666805774,0.0,0.0,0.0021108965588609863,0.9998779296875,3.1098766326904297,6.080472469329834,0.0,0.25,21,0,0,,,
33792,8.934995658695698,-0.01689396853907965,17.84167790785432,1.882120767608285,0.8024491919204593,0.0,0.0,0.021086278830807714,0.994140625,1.054223895072937,7.397151947021484,0.0,0.25,22,0,0,,,
34816,18.65317576378584,-0.013377362571191043,37.276107516139746,1.9796994682401419,0.8227313440293074,0.0,0.0,0.010643973539117724,0.99609375,-3.5287961959838867,10.226062774658203,0.0,0.25,22,0,0,,,
35840,19.957008983939886,-0.014781335499719717,39.91180245578289,2.075990930199623,0.8872278621420264,0.0,0.0,0.00804201206574362,0.997802734375,-2.7217352390289307,10.562015533447266,0.0,0.25,22,0,0,,,
36864,23.879789289087057,-0.01284144539386034,47.739003486931324,1.999706920236349,0.8867142023518682,0.0,0.0,0.010661231563517504,0.996826171875,-2.133358955383301,10.472267150878906,0.0,0.25,22,0,0,,,
37888,16.01840270869434,-0.012750381487421691,32.01809037849307,1.8789349887520075,0.7581023639068007,0.0,0.0,0.010451398004079238,0.996337890625,-2.013589859008789,9.899357795715332,0.0,0.25,22,0,0,,,
38912,102.9293323457241,-0.01915879263833631,205.8716525733471,1.7416638433933258,0.6553172701969743,0.0,0.0,0.014041272580698205,0.9959716796875,-5.928223133087158,18.96637535095215,0.0,0.25,22,0,0,,,
39936,26.761303313076496,-0.015417528440593742,53.525742664933205,1.6096995882689953,0.6152427168563008,0.0,0.0,0.00682349677822458,0.9974365234375,-0.8853405714035034,10.116122245788574,0.0,0.25,22,0,0,,,
40960,56.46836891770363,-0.014024642849108204,112.92750009894371,1.9761974830180407,0.8994960645213723,0.0,0.0,0.008649355008401471,0.99658203125,-2.0161449909210205,14.370016098022461,0.0,0.25,22,0,0,,,
