seed,ppo_run_dir,dqn_run_dir,ppo_step_loss,dqn_step_loss,step_margin_dqn_minus_ppo,ppo_macro_score,dqn_macro_score,macro_margin_dqn_minus_ppo,static_step_loss,static_macro_score,ppo_step_margin_vs_static,dqn_step_margin_vs_static,ppo_macro_margin_vs_static,dqn_macro_margin_vs_static,truth_sha256,oracle_sha256,ppo_behavior_gate_pass,dqn_behavior_gate_pass,ppo_switches_per_step,ppo_warmup_abort_count,ppo_always_on_sensor_count,ppo_always_off_sensor_count,ppo_mid_duty_sensor_count,ppo_duty_entropy,ppo_duty_min,ppo_duty_max,dqn_switches_per_step,dqn_warmup_abort_count,dqn_always_on_sensor_count,dqn_always_off_sensor_count,dqn_mid_duty_sensor_count,dqn_duty_entropy,dqn_duty_min,dqn_duty_max,ppo_unique_mask_count,ppo_mask_entropy_bits,ppo_transition_entropy_bits,ppo_subtype_mask_mi_bits,ppo_fixed_like,ppo_simple_cycle_like,dqn_unique_mask_count,dqn_mask_entropy_bits,dqn_transition_entropy_bits,dqn_subtype_mask_mi_bits,dqn_fixed_like,dqn_simple_cycle_like
117,reports/v31_scenebal2_matched_reward_forecast_noexactevent_seed117_h075forecastctrl_20260718cleanpilot,reports/v31_scenebal2_matched_dqn_seed117_h075_20260718cuda,1.2408141476066703,1.2927369802182511,0.051922832611580816,0.786045271040572,0.830287521594335,0.044242250553763074,1.28428601308633,0.8173789482298434,0.043471865479659755,-0.008450967131921061,0.03133367718927138,-0.012908573364491693,e3a6f9687236ed3c2d9782e818a37b683e1649167dcfdb0bfabc72e653fd4acd,e773ce680ad2bac2076fcb5453602d2e146b4894e62e4448b30bab52e4dd1468,True,True,0.0028490028490028,0.0,1.0,1.0,4.0,0.5104930932705867,0.0,1.0,0.0135938135938135,0.0,1.0,0.0,4.0,0.4374062659059531,0.025146484375,1.0,4,1.8584125367769522,1.9363496749129199,0.6127078449681123,False,False,6,2.2971226996964558,2.672139940797612,0.13473292131543868,False,False
118,reports/v31_scenebal2_matched_reward_forecast_noexactevent_seed118_h075forecastctrl_20260718cleanpilot,reports/v31_scenebal2_matched_dqn_seed118_h075_20260718cuda,1.428508404913373,1.6252679288136278,0.19675952390025486,0.6599070820643651,0.7361883302844586,0.07628124822009352,1.4994331586840417,0.7085602898786562,0.07092475377066876,-0.1258347701295861,0.048653207814291055,-0.027628040405802468,dc51121368fb9bcdf0a6af2701fef57b4506646514ab88a3100d20c038215573,dac94d62e5fc237dd73a1d8b65e2d1125f2a65a8df719c67c15275dc41a2108c,True,True,0.0043956043956043,0.0,1.0,1.0,4.0,0.5151028404983887,0.0,1.0,0.0148962148962148,0.0,1.0,0.0,5.0,0.5359538339093534,0.0830078125,1.0,4,1.8829067854217432,1.99993247133331,0.5236096980309517,False,False,6,2.532564279652208,2.951756623507572,0.13336787251532467,False,False
119,reports/v31_scenebal2_matched_reward_forecast_noexactevent_seed119_h075forecastctrl_20260718cleanpilot,reports/v31_scenebal2_matched_dqn_seed119_h075_20260718cuda,1.517230044545613,1.7715564492536942,0.2543264047080811,1.1025618255119791,1.1951227895416092,0.0925609640296301,1.773966784507138,1.192166748331623,0.256736739961525,0.002410335253443918,0.08960492281964383,-0.002956041209986271,af1404d49f60b900412ae6b74e6a96c736ec3517cd802a9cb49ae2d11a0c0165,d34e0095a7be929b9996f54b66d2832675e54456a3b47e7636debdaeb81e302c,True,True,0.0035816035816035,0.0,1.0,1.0,4.0,0.5270942628544129,0.0,1.0,0.0166056166056166,0.0,1.0,0.0,4.0,0.3852328720686552,0.02099609375,1.0,4,1.939106966312902,2.036088380017101,0.6352359639609706,False,False,6,1.7418446462431132,2.1600392564130972,0.12588094305904862,False,False
120,reports/v31_scenebal2_matched_reward_forecast_noexactevent_seed120_h075forecastctrl_20260718cleanpilot,reports/v31_scenebal2_matched_dqn_seed120_h075_20260718cuda,1.3191666842167251,1.420508257011079,0.10134157279435385,0.8779587108497413,0.9386069639209904,0.0606482530712491,1.4101842321674667,0.9298066514770208,0.09101754795074157,-0.010324024843612278,0.05184794062727949,-0.008800312443969616,b99666da4e1cb1d45d3b3d7248a5d11e7137fe7f9c41d1a7f1b61fe25cece476,ae08a82910a58fe04334b2178ddaa67433d5b5ff4b55d6cceb8c03e6ff69b443,True,True,0.0039072039072039,0.0,1.0,1.0,3.0,0.4608470058297427,0.0,1.0,0.0157102157102157,0.0,1.0,0.0,4.0,0.5094626659491472,0.048583984375,1.0,4,1.6235496751629293,1.7268394738715698,0.6098610866677323,False,False,6,1.9819622958069028,2.346621628482395,0.1433372845692582,False,False
121,reports/v31_scenebal2_matched_reward_forecast_noexactevent_seed121_h075forecastctrl_20260718cleanpilot,reports/v31_scenebal2_matched_dqn_seed121_h075_20260718cuda,1.5090786163232224,1.5051289360153532,-0.00394968030786913,0.6212233860168878,0.6237441405791286,0.002520754562240879,1.5765913520617687,0.703526168339422,0.06751273573854633,0.07146241604641546,0.0823027823225343,0.07978202776029342,5c6f91c446292290321f7c2124e61f2d3827d44b85b54bb19745815f37e35c63,adb7d2df7e18308d1400d09c5e7f75d19a8d2679d710c0b94d86a740f009bd6c,True,True,0.0033374033374033,0.0,1.0,1.0,4.0,0.5038609686415708,0.0,1.0,0.0111518111518111,0.0,1.0,0.0,4.0,0.4416286989590753,0.01806640625,1.0,4,1.829074110862948,1.9195071655259732,0.6733605190192222,False,False,6,1.649235369286628,1.9027074316168697,0.23900253956591788,False,False
122,reports/v31_scenebal2_matched_reward_forecast_noexactevent_seed122_h075forecastctrl_20260718cleanpilot,reports/v31_scenebal2_matched_dqn_seed122_h075_20260718cuda,1.3527216557345128,1.614765150430685,0.2620434946961723,0.8388222741063428,0.9604999941404968,0.121677720034154,1.6012948505899658,0.9554213478467126,0.24857319485545304,-0.013470299840719235,0.11659907374036982,-0.005078646293784184,1d860e346017a1fbe3ac62e236feedb21cb4238a1214cfe098ab5030058c60f8,35bd814f03e1689b003f72b2ab2b8f7c8973c3334d67e79a60438ade05b59ffe,True,False,0.0039072039072039,0.0,1.0,1.0,4.0,0.5198750749760872,0.0,1.0,0.0102971102971102,0.0,1.0,1.0,4.0,0.3316469282289171,0.009765625,1.0,4,1.9058504931434181,2.0128864367230057,0.6567362222299777,False,False,6,1.2611165793359471,1.4958384713649973,0.10327110456073818,False,False
123,reports/v31_scenebal2_matched_reward_forecast_noexactevent_seed123_h075forecastctrl_20260718cleanpilot,reports/v31_scenebal2_matched_dqn_seed123_h075_20260718cuda,1.3539190098435938,1.3912998129903826,0.03738080314678882,0.6542187496172827,0.6798735581181407,0.025654808500857995,1.404986253774041,0.6733471253710942,0.05106724393044715,0.013686440783658327,0.019128375753811544,-0.006526432747046451,9d3e6ae5016d933b992407f5b244becc00b11daa5c0811580d00c189d805feb0,b4500d1749a776150f347661e4eac1540b894f352cd6741a9d99120ff4db0400,True,True,0.0039886039886039,0.0,1.0,1.0,4.0,0.4831413481408301,0.0,1.0,0.0121286121286121,0.0,1.0,0.0,5.0,0.4374610367156621,0.060546875,1.0,4,1.734507498635463,1.8386067868598777,0.5315875782561372,False,False,6,1.6266865448043815,1.894304374880955,0.1689647688564384,False,False
124,reports/v31_scenebal2_matched_reward_forecast_noexactevent_seed124_h075forecastctrl_20260718cleanpilot,reports/v31_scenebal2_matched_dqn_seed124_h075_20260718cuda,1.358651165874562,1.5739538924003682,0.2153027265258063,1.0258246454948228,1.166283824375734,0.1404591788809113,1.5620289470830355,1.1218221027287802,0.2033777812084736,-0.01192494531733268,0.09599745723395747,-0.04446172164695383,b7f78292b5144439b3949fde351cd24e9fe4173549aad72b8a1502f118378060,b2cb94eeabc3541a9b40a3e32f6357feb4df3d712c01a539495b9a1d6aaedcdb,True,True,0.0038258038258038,0.0,1.0,1.0,4.0,0.4934172044404741,0.0,1.0,0.0186406186406186,0.0,1.0,0.0,4.0,0.5238013917819933,0.04638671875,1.0,4,1.7870699196479989,1.8882831528464974,0.6303817216409002,False,False,6,2.0365384256157704,2.450150837197208,0.20946379794778425,False,False
125,reports/v31_scenebal2_matched_reward_forecast_noexactevent_seed125_h075forecastctrl_20260718cleanpilot,reports/v31_scenebal2_matched_dqn_seed125_h075_20260718cuda,1.2010448388782606,1.222267585577356,0.021222746699095296,0.6985352237325815,0.7129569137027278,0.014421689970146367,1.3004329285022322,0.7849921966856162,0.09938808962397161,0.07816534292487631,0.08645697295303467,0.0720352829828883,16b14699912cd5c1fd90c4a30ccb80d1adee3898120260a598455035ddf0892e,7661d2e7f31efd72329623c96060bdc71cef47399a0a222303eb188e972f548a,True,True,0.0041514041514041,0.0,1.0,1.0,4.0,0.5080534960596654,0.0,1.0,0.0164428164428164,0.0,1.0,0.0,5.0,0.5201377794823105,0.051025390625,1.0,4,1.8455030027770436,1.956029406950011,0.5905570337234216,False,False,6,2.2048810805111034,2.614518260151191,0.1469172796663396,False,False
126,reports/v31_scenebal2_matched_reward_forecast_noexactevent_seed126_h075forecastctrl_20260718cleanpilot,reports/v31_scenebal2_matched_dqn_seed126_h075_20260718cuda,1.6108392625178567,1.8598024410575815,0.24896317853972483,0.9756804172059018,1.1009597097218655,0.1252792925159637,1.6656352121271991,1.0994133243738515,0.05479594960934242,-0.1941672289303824,0.12373290716794971,-0.00154638534801399,b5ca9cf7dfdcc5cc0b21ae791d376b962be70791d5b404be1f4bb31b156767cf,36408eaa4a6472963979bf662bd2280ae8f26924b0e417ebc2bde10988dbdce1,True,False,0.0041514041514041,0.0,1.0,1.0,4.0,0.5004350423065949,0.0,1.0,0.0176638176638176,0.0,1.0,1.0,4.0,0.5017913486434381,0.00439453125,1.0,4,1.8171847184104437,1.92472899878639,0.6585284732843513,False,False,6,1.89912166823762,2.276592064953538,0.06054646819699827,False,False
127,reports/v31_scenebal2_matched_reward_forecast_noexactevent_seed127_h075forecastctrl_20260718cleanpilot,reports/v31_scenebal2_matched_dqn_seed127_h075_20260718cuda,1.3466039196159727,1.4623819984049078,0.11577807878893509,0.7364722959072972,0.8163597946741269,0.07988749876682966,1.4262076065165274,0.7887041747220066,0.07960368690055475,-0.03617439188838034,0.052231878814709365,-0.02765561995212029,76b9dcfe262ece75c71433070440fe257add3456bc6b6cbaf90c23d520c2f5fa,987dc1b8bb5ed343d9da26c0538378b45d22109883c24c49f8d183bb4aa3adf1,True,True,0.0036630036630036,0.0,1.0,1.0,4.0,0.5162801106419262,0.0,1.0,0.0111518111518111,0.0,1.0,0.0,4.0,0.4324864477421624,0.035400390625,1.0,4,1.8889376677112295,1.9869228571510626,0.598249977028424,False,False,6,1.8091624507511368,2.089026452431555,0.19078644562817626,False,False
128,reports/v31_scenebal2_matched_reward_forecast_noexactevent_seed128_h075forecastctrl_20260718cleanpilot,reports/v31_scenebal2_matched_dqn_seed128_h075_20260718cuda,1.458928895211102,1.5198744584749877,0.06094556326388578,0.764727895838612,0.7899538550881823,0.025225959249570273,1.5294095216568169,0.8064278419798554,0.07048062644571496,0.009535063181829173,0.041699946141243394,0.01647398689167312,1c1bb32171a151cd7e5f5d3e26adfac6d5d256e5557f30e402a34c1ebc75991a,683e0f09a12e59441f9a41fdaf4b22014ee315e908fa5d85824c3424969fcaac,True,True,0.0029304029304029,0.0,1.0,1.0,4.0,0.5378940796701379,0.0,1.0,0.0117216117216117,0.0,1.0,0.0,5.0,0.5505911571115981,0.085205078125,1.0,4,1.9864601840870684,2.067035390039174,0.684122132818697,False,False,6,2.150850810327774,2.43839510553475,0.3121355061936226,False,False
129,reports/v31_scenebal2_matched_reward_forecast_noexactevent_seed129_h075forecastctrl_20260718cleanpilot,reports/v31_scenebal2_matched_dqn_seed129_h075_20260718cuda,1.404723093766279,1.4570243244652374,0.052301230698958534,0.650988403965339,0.6718833125642473,0.0208949085989083,1.5695183834031925,0.7173208341818716,0.1647952896369136,0.11249405893795505,0.06633243021653268,0.04543752161762438,206763de315f2c659fb8796488713c0ef76a50bb0703afde01467e6bd00bb04b,68be64bbd350a773f2c703c5615584047daa9cb0ff46850d3e0c2ab4ca9b37a0,True,True,0.0047212047212047,0.0,1.0,1.0,4.0,0.4961757720011792,0.0,1.0,0.0216931216931216,0.0,1.0,0.0,4.0,0.492815868813671,0.021484375,1.0,4,1.8042108396267584,1.9241174296999795,0.5533226096244792,False,False,6,1.9137744114068507,2.348267569850188,0.10486670888557281,False,False
130,reports/v31_scenebal2_matched_reward_forecast_noexactevent_seed130_h075forecastctrl_20260718cleanpilot,reports/v31_scenebal2_matched_dqn_seed130_h075_20260718cuda,1.4219758003123388,1.671851367893396,0.2498755675810571,0.968382072006986,1.0958000315842786,0.12741795957729263,1.6789409085872649,1.0766837814406918,0.256965108274926,0.007089540693868912,0.10830170943370576,-0.019116250143586866,2357d45b70a9b70fdbf8f464803216ca2f1aaaefda404f0bcc700b5ee0b9c2ea,e1c8719f77358dfefb18769336b43d3985125d6acd8afd1cc3e37e385fc147d2,True,True,0.0032560032560032,0.0,1.0,1.0,4.0,0.5103876572231245,0.0,1.0,0.0156288156288156,0.0,1.0,0.0,4.0,0.4809692353243566,0.029296875,1.0,4,1.8619248011246075,1.9525147242435144,0.6641549013153123,False,False,6,1.9658511969181507,2.3397846469370522,0.20521527487223534,False,False
131,reports/v31_scenebal2_matched_reward_forecast_noexactevent_seed131_h075forecastctrl_20260718cleanpilot,reports/v31_scenebal2_matched_dqn_seed131_h075_20260718cuda,1.4732757033780215,1.5730189845535278,0.09974328117550635,0.7882778895897532,0.8210172414408321,0.0327393518510789,1.523266355900887,0.8474506476557985,0.0499906525228655,-0.04975262865264085,0.05917275806604527,0.02643340621496637,bf0144805af00852bb2d6db8f61e1c3f4387b7ffc22a265eaf897382fae51a1e,7283096c91ae9dd76635622f1c68c832cd0da3ec71ad6920af115e6fc6b8ce16,True,False,0.0033374033374033,0.0,1.0,1.0,4.0,0.529667830786593,0.0,1.0,0.013024013024013,0.0,1.0,0.0,3.0,0.4529613667458029,0.02587890625,1.0,4,1.9500602660050577,2.0421219925007748,0.6568756404597214,False,False,6,1.7098374713512916,2.0023001284426756,0.09051414822498227,False,False
132,reports/v31_scenebal2_matched_reward_forecast_noexactevent_seed132_h075forecastctrl_20260718cleanpilot,reports/v31_scenebal2_matched_dqn_seed132_h075_20260718cuda,1.2670183886216364,1.301180413255679,0.03416202463404261,0.8661420269423633,0.8890250960670153,0.02288306912465199,1.3760077225310852,0.9547596591318432,0.10898933390944876,0.07482730927540615,0.08861763218947993,0.06573456306482794,243b3856018d81cf247dc5b550a05c3f55c489545759701b3b338dabcc787c2d,eac2d63604510965e332c5a628b249fd7abdb63de4b619477cfc7d8d15199563,True,True,0.0034188034188034,0.0,1.0,1.0,4.0,0.5206709688466585,0.0,1.0,0.0164428164428164,0.0,1.0,0.0,5.0,0.5276419128504203,0.062744140625,1.0,4,1.905730595575456,1.9939560929649458,0.5914927278916198,False,False,6,2.0625255517104693,2.4252294893564352,0.23339720820504772,False,False
133,reports/v31_scenebal2_matched_reward_forecast_noexactevent_seed133_h075forecastctrl_20260718cleanpilot,reports/v31_scenebal2_matched_dqn_seed133_h075_20260718cuda,1.4780299896333418,1.6193974588259152,0.14136746919257348,1.1941614441203332,1.2732106191910364,0.07904917507070319,1.7488643849396794,1.2790043819310573,0.2708343953063377,0.1294669261137642,0.08484293781072405,0.005793762740020858,02b09dcfbd4e3b334ebc4865b4626b70de3767a181dd11bd807246a38dc8bd93,3aa294ed30cd425af02e5b1f72ea0ab15ac80fe780e1838db50f39f74331decc,True,True,0.0036630036630036,0.0,1.0,1.0,4.0,0.5317005748574102,0.0,1.0,0.0182743182743182,0.0,1.0,1.0,4.0,0.4535727349765713,0.003662109375,1.0,4,1.959732044881066,2.0574423431082605,0.679314893123335,False,False,6,1.7451329766672257,2.1292768910488005,0.19162579690181336,False,False
134,reports/v31_scenebal2_matched_reward_forecast_noexactevent_seed134_h075forecastctrl_20260718cleanpilot,reports/v31_scenebal2_matched_dqn_seed134_h075_20260718cuda,1.5248295378378316,1.7204228961204535,0.19559335828262192,2.892928895231945,2.998175679221042,0.10524678398909693,1.8366528987630768,3.027850484970715,0.3118233609252452,0.11623000264262329,0.1349215897387701,0.029674805749673183,9c5f9cfc517cea7120b96718cf13a41025b3c912268e7443cb56cb5310c87c4c,cabaa57f5b6dc462dcbe9a3a7046e9085c9154f25a0ff75d565a8d5a8337bd83,True,True,0.0043142043142043,0.0,1.0,1.0,4.0,0.500532679880894,0.0,1.0,0.0179080179080179,0.0,1.0,1.0,3.0,0.4627430390752131,0.0,1.0,4,1.8110417247954569,1.9254106475413448,0.6676553930593985,False,False,5,1.8874053808750004,2.289469949632295,0.17052834063739852,False,False
135,reports/v31_scenebal2_matched_reward_forecast_noexactevent_seed135_h075forecastctrl_20260718cleanpilot,reports/v31_scenebal2_matched_dqn_seed135_h075_20260718cuda,1.140995527828636,1.276227115400161,0.1352315875715251,1.0409359282686144,1.1385906304876143,0.09765470221899997,1.295356795991211,1.157259170655494,0.154361268162575,0.019129680591049913,0.11632324238687963,0.018668540167879666,1c9710be8c0ad005dbbb847b15ec16a4da7e83d25c7c9fb7f9d399f8d16c5294,195958aa003488095f95dc8d68f17b6951db50216f913f5761195990f819b67c,True,True,0.0036630036630036,0.0,1.0,1.0,4.0,0.5108280883792756,0.0,1.0,0.0144892144892144,0.0,1.0,0.0,5.0,0.5126696006613469,0.080322265625,1.0,4,1.858201457554646,1.9567086095868862,0.5913592902478828,False,False,6,2.3303200056214264,2.714673687684141,0.23651593092425083,False,False
136,reports/v31_scenebal2_matched_reward_forecast_noexactevent_seed136_h075forecastctrl_20260718cleanpilot,reports/v31_scenebal2_matched_dqn_seed136_h075_20260718cuda,1.4303645630038773,1.5298223500103632,0.09945778700648589,0.7889707638960778,0.839293567495034,0.050322803598956245,1.4926662882580786,0.8420989308259433,0.0623017252542013,-0.037156061752284586,0.05312816692986555,0.002805363330909305,0b103b410c5ff6e8b473b12835c91146f850d78d4b94774575868efc0a360c60,27f7a3e498b718d0757c7f927c5f73677cc27221131ff4054be2c75ce0f7957d,True,True,0.0035002035002035,0.0,1.0,1.0,4.0,0.5302821741940161,0.0,1.0,0.015018315018315,0.0,1.0,0.0,4.0,0.4550926196866645,0.049560546875,1.0,4,1.951367189829757,2.042716974302244,0.6226360345026407,False,False,6,1.8017489837272453,2.1512047211296923,0.16956197658467298,False,False
137,reports/v31_scenebal2_matched_reward_forecast_noexactevent_seed137_h075forecastctrl_20260718cleanpilot,reports/v31_scenebal2_matched_dqn_seed137_h075_20260718cuda,1.6993146768586485,2.0235928328615955,0.32427815600294707,0.6997091047533367,0.8068945796449031,0.10718547489156638,2.1815775311415564,0.8421744820390371,0.48226285428290794,0.15798469827996087,0.1424653772857004,0.03527990239413403,2b55e1ca70cae8c9749d8371ebd6c389ef5e033017d1f2920f3fb53a267ad5c9,89e782700357c990ae4387f75278b8dde2b9cc6a61832caf2ef393636e508c90,True,True,0.0033374033374033,0.0,1.0,1.0,4.0,0.5379763512276777,0.0,1.0,0.0157509157509157,0.0,1.0,0.0,3.0,0.4623663823672505,0.017822265625,1.0,4,1.9870229728048638,2.080050111543042,0.6993082925943173,False,False,6,1.8453608273019853,2.1955736116580185,0.15709060728963697,False,False
138,reports/v31_scenebal2_matched_reward_forecast_noexactevent_seed138_h075forecastctrl_20260718cleanpilot,reports/v31_scenebal2_matched_dqn_seed138_h075_20260718cuda,1.333975644482507,1.4342345372183445,0.10025889273583743,0.7387754543395223,0.8058360353376317,0.06706058099810941,1.4276918007722088,0.79684723262851,0.09371615628970176,-0.006542736446135677,0.058071778288987685,-0.008988802709121724,1aa8999e7e9f8aea4b4f11b179c1a0e9901bf3eb5f583be96b7b37da037a59fa,519d1a21f4d2fd8cd665746208429361033d86662c4c5a926d23c844e6c96f4d,True,True,0.0028490028490028,0.0,1.0,1.0,4.0,0.5225316716596116,0.0,1.0,0.024094424094424,0.0,1.0,0.0,5.0,0.5541488445533824,0.073974609375,1.0,4,1.9154231766203842,1.9913062142715912,0.6345788475510994,False,False,6,2.306981375826142,2.8285027191172603,0.13970224228181838,False,False
139,reports/v31_scenebal2_matched_reward_forecast_noexactevent_seed139_h075forecastctrl_20260718cleanpilot,reports/v31_scenebal2_matched_dqn_seed139_h075_20260718cuda,1.4589411644483334,1.753980705711001,0.2950395412626676,1.1948404971212467,1.2891088519691885,0.09426835484794172,1.7807627557599517,1.2749557678826633,0.32182159131161825,0.026782050048950623,0.08011527076141656,-0.014153084086525158,558e7f31dd2d3da28590b6c2b87bb1341e2e8ba1fd3bbf37d449033df715cd9f,601a8902526c00cf91afe14ce7451cf7129a0456d3f182614719b16e75ad7793,True,True,0.0029304029304029,0.0,1.0,1.0,4.0,0.524900827591663,0.0,1.0,0.0155474155474155,0.0,1.0,1.0,4.0,0.484552897909261,0.00341796875,1.0,4,1.9276212795971153,2.0088121888044004,0.6994388198225114,False,False,6,2.0732874122335603,2.457294798882934,0.20673907056059249,False,False
140,reports/v31_scenebal2_matched_reward_forecast_noexactevent_seed140_h075forecastctrl_20260718cleanpilot,reports/v31_scenebal2_matched_dqn_seed140_h075_20260718cuda,1.2985024539320875,1.3877563720579928,0.08925391812590533,1.004302895004672,1.063974799234707,0.0596719042300351,1.4750034045882785,1.0954458795329551,0.17650095065619098,0.08724703253028565,0.09114298452828318,0.03147108029824808,9e90d66bb69d3c218ebb2dba77dd19d398c34814e5ec8586fafd3d83031c3873,a2af13f69a02798160cc45bbae7f617d4489a0c1a62037a7baaba4af4de40724,True,True,0.0046398046398046,0.0,1.0,1.0,4.0,0.5172072473155098,0.0,1.0,0.0124542124542124,0.0,1.0,0.0,5.0,0.5331689041384456,0.063720703125,1.0,4,1.8931000572004415,2.0121742598935777,0.5672310633238631,False,False,6,2.227208114133339,2.5485394415656937,0.2285912874463989,False,False
