seed,policy,forecast_samples,oracle_loss_mean,oracle_loss_subtype_particle,steps_subtype_particle,oracle_loss_subtype_flux,steps_subtype_flux,oracle_loss_subtype_thermal,steps_subtype_thermal,oracle_loss_macro_subtype_event,macro_subtype_event_count,rollout_path,oracle_loss_subtype_particle_staticnorm,oracle_loss_subtype_flux_staticnorm,oracle_loss_subtype_thermal_staticnorm,oracle_loss_macro_subtype_event_staticnorm
117,custom_ppo,4096,0.6480588531441163,0.5233619562865124,1235,3.359991783779187,316,0.32748107862553666,1136,1.403611606230412,3,reports/v31_scenebal2_matched_reward_forecast_noexactevent_seed117_h075forecastctrl_20260718cleanpilot/rollout_custom_ppo.npz,0.9445471292343791,0.49111051660372895,0.4631308619121008,0.632929502583403
117,full_open_unconstrained,4096,0.7135622440458612,0.6034423113587042,1235,3.461690325143021,316,0.3270750047007451,1136,1.4640692137341569,3,reports/v31_scenebal2_matched_reward_forecast_noexactevent_seed117_h075forecastctrl_20260718cleanpilot/rollout_full_open_unconstrained.npz,1.0890736248707946,0.5059752027104496,0.4625565833382727,0.6858684703065056
117,secondary_validation_selected_static,4096,0.8674926595798541,0.3788265545804086,1235,6.7653252656503895,316,0.34360806690451506,1136,2.4959199623784376,3,reports/aggregate/pdppo_secondary_forecaster_24seed_20260718/seed117/rollout_secondary_validation_selected_static.npz,0.6836942011329323,0.9888483663102234,0.4859379993902024,0.719493522277786
117,validation_selected_static,4096,0.7105612095907619,0.34905054277910164,1235,3.409303748363938,316,0.7370806709900144,1136,1.498478320711018,3,reports/v31_scenebal2_matched_reward_forecast_noexactevent_seed117_h075forecastctrl_20260718cleanpilot/rollout_validation_selected_static.npz,0.6299553954571591,0.49831816053871586,1.0423955114814247,0.7235563558257665
117,round_robin,4096,0.8964171012929121,0.44362451012231235,1235,5.981685604704451,316,0.5426177061035284,1136,2.3226426069767636,3,reports/v31_scenebal2_matched_reward_forecast_noexactevent_seed117_h075forecastctrl_20260718cleanpilot/rollout_round_robin.npz,0.8006395047649294,0.8743083008921281,0.7673817582720571,0.8141098546430382
117,aoi,4096,0.9053345983780572,0.45776956227054877,1235,6.014484675528623,316,0.5462526909606439,1136,2.339502309586605,3,reports/v31_scenebal2_matched_reward_forecast_noexactevent_seed117_h075forecastctrl_20260718cleanpilot/rollout_aoi.npz,0.8261680481353478,0.8791023508937813,0.7725224328935619,0.8259309439742304
117,feasible_static_projected,4096,0.9037598942978439,0.32767378892753074,1235,6.731120642897812,316,0.653357423070375,1136,2.570717284965239,3,reports/v31_scenebal2_matched_reward_forecast_noexactevent_seed117_h075forecastctrl_20260718cleanpilot/rollout_feasible_static_projected.npz,0.5913753052532055,0.9838488749330868,0.9239922738536388,0.8330721513466437
117,random,4096,0.9083908448380877,0.4687198717601279,1235,5.842181850837442,316,0.590960903232219,1136,2.3006208752765964,3,reports/v31_scenebal2_matched_reward_forecast_noexactevent_seed117_h075forecastctrl_20260718cleanpilot/rollout_random.npz,0.8459308208557779,0.8539178460819301,0.8357497587921676,0.8451994752432919
118,full_open_unconstrained,4096,0.8812138130078848,0.4870786437005486,999,3.2244027610360653,630,0.27079785661315037,1385,1.3274264204499213,3,reports/v31_scenebal2_matched_reward_forecast_noexactevent_seed118_h075forecastctrl_20260718cleanpilot/rollout_full_open_unconstrained.npz,0.9603570437266291,0.4475049984876128,0.3905010544316002,0.5994543655486141
118,custom_ppo,4096,0.8871925393938176,0.44406827182537223,999,3.1251989801878444,630,0.3416284972678999,1385,1.3036319164270387,3,reports/v31_scenebal2_matched_reward_forecast_noexactevent_seed118_h075forecastctrl_20260718cleanpilot/rollout_custom_ppo.npz,0.8755548991082306,0.43373680912401613,0.49264159648640127,0.600644434906216
118,secondary_validation_selected_static,4096,1.3604391117197372,0.5307014717880006,999,6.377924614743752,630,0.26174384764232267,1385,2.3901233113913585,3,reports/aggregate/pdppo_secondary_forecaster_24seed_20260718/seed118/rollout_secondary_validation_selected_static.npz,1.0463667482432906,0.8851726526117707,0.37744482092162757,0.7696614072588962
118,validation_selected_static,4096,1.0687270097784292,0.5047127528266584,999,3.158879140509579,630,0.8488707840800749,1385,1.5041542258054375,3,reports/v31_scenebal2_matched_reward_forecast_noexactevent_seed118_h075forecastctrl_20260718cleanpilot/rollout_validation_selected_static.npz,0.9951256403960308,0.43841117557599046,1.2241047266965372,0.8858805142228529
118,random,4096,1.379766555762877,0.5393692487722493,999,5.5931090429513315,630,0.6414316518371621,1385,2.2579699811869145,3,reports/v31_scenebal2_matched_reward_forecast_noexactevent_seed118_h075forecastctrl_20260718cleanpilot/rollout_random.npz,1.063456720854351,0.7762504994887001,0.9249694200720316,0.921558880138361
118,round_robin,4096,1.394650031015931,0.5543728314258398,999,5.65295490918475,630,0.6408538639195032,1385,2.282727201510031,3,reports/v31_scenebal2_matched_reward_forecast_noexactevent_seed118_h075forecastctrl_20260718cleanpilot/rollout_round_robin.npz,1.093038794445261,0.7845563242454281,0.9241362273950084,0.9339104486952325
118,feasible_static_projected,4096,1.458858956089393,0.41359803213269375,999,6.229159276930855,630,0.7779169689123647,1385,2.4735580926586382,3,reports/v31_scenebal2_matched_reward_forecast_noexactevent_seed118_h075forecastctrl_20260718cleanpilot/rollout_feasible_static_projected.npz,0.8154777232941075,0.8645259663238647,1.1217865621974827,0.9339300839384851
118,aoi,4096,1.4102705585490125,0.5533405671452742,999,5.675418468538509,630,0.658982603358304,1385,2.2959138796806955,3,reports/v31_scenebal2_matched_reward_forecast_noexactevent_seed118_h075forecastctrl_20260718cleanpilot/rollout_aoi.npz,1.091003512698361,0.7876739729511376,0.9502785756207577,0.9429853537567521
119,custom_ppo,4096,0.9063515966972586,0.5831253380638359,876,3.070802372575341,716,0.262017724249075,1281,1.3053151449627507,3,reports/v31_scenebal2_matched_reward_forecast_noexactevent_seed119_h075forecastctrl_20260718cleanpilot/rollout_custom_ppo.npz,1.6620910037712786,0.4955724047316415,0.37209444892062954,0.8432526191411833
119,full_open_unconstrained,4096,0.9595753389256512,0.625232946972141,876,3.1291127293205063,716,0.2734086580453836,1281,1.342584778112677,3,reports/v31_scenebal2_matched_reward_forecast_noexactevent_seed119_h075forecastctrl_20260718cleanpilot/rollout_full_open_unconstrained.npz,1.7821109606971628,0.5049826500704605,0.3882708478485116,0.8917881528720449
119,validation_selected_static,4096,1.3822676214005876,0.48393539220417575,876,5.935579833872231,716,0.27701229073366124,1281,2.2321758389366892,3,reports/v31_scenebal2_matched_reward_forecast_noexactevent_seed119_h075forecastctrl_20260718cleanpilot/rollout_validation_selected_static.npz,1.3793683952403257,0.957896085407082,0.3933884089719048,0.9102176298731042
119,secondary_validation_selected_static,4096,1.3893606086966321,0.4877313458473264,876,5.973247518280692,716,0.2762832176152705,1281,2.245754027247763,3,reports/aggregate/pdppo_secondary_forecaster_24seed_20260718/seed119/rollout_secondary_validation_selected_static.npz,1.3901880595374771,0.9639749738141266,0.39235304366985163,0.9155053590071519
119,round_robin,4096,1.4217586289666244,0.5338266336454572,876,5.43343918135086,716,0.5820273415057816,1281,2.183097718834033,3,reports/v31_scenebal2_matched_reward_forecast_noexactevent_seed119_h075forecastctrl_20260718cleanpilot/rollout_round_robin.npz,1.5215741581417777,0.8768595938028257,0.8265438665075248,1.0749925394840427
119,feasible_static_projected,4096,1.4732527447435406,0.43628287479161626,876,5.751034908528846,716,0.7544123039231181,1281,2.3139100290811934,3,reports/v31_scenebal2_matched_reward_forecast_noexactevent_seed119_h075forecastctrl_20260718cleanpilot/rollout_feasible_static_projected.npz,1.2435437014250164,0.9281138456738414,1.07134977716381,1.0810024414208892
119,aoi,4096,1.4183431593694893,0.5591826934555059,876,5.470574545822042,716,0.5469321875099905,1281,2.1922298089291794,3,reports/v31_scenebal2_matched_reward_forecast_noexactevent_seed119_h075forecastctrl_20260718cleanpilot/rollout_aoi.npz,1.5938469203601031,0.8828525753232014,0.7767048259492041,1.0844681072108362
119,random,4096,1.4371822368115033,0.5683066181987809,876,5.49743056740346,716,0.5979481235984831,1281,2.2212284364002413,3,reports/v31_scenebal2_matched_reward_forecast_noexactevent_seed119_h075forecastctrl_20260718cleanpilot/rollout_random.npz,1.6198529815702636,0.887186655339385,0.8491531562269401,1.1187309310455296
120,custom_ppo,4096,0.8088661255023637,0.5249880531034006,1468,3.3329074058260906,500,0.2633668025500912,1414,1.3737540871598606,3,reports/v31_scenebal2_matched_reward_forecast_noexactevent_seed120_h075forecastctrl_20260718cleanpilot/rollout_custom_ppo.npz,0.699017208311337,0.6534384902277768,0.3146851981382106,0.5557136322257747
120,full_open_unconstrained,4096,0.8457588153688189,0.5385888643012953,1468,3.539523748200173,500,0.2690649626896754,1414,1.4490591917303812,3,reports/v31_scenebal2_matched_reward_forecast_noexactevent_seed120_h075forecastctrl_20260718cleanpilot/rollout_full_open_unconstrained.npz,0.7171265748352441,0.6939469875779581,0.3214936745110339,0.5775224123080788
120,validation_selected_static,4096,0.978495881783467,0.47891343834412764,1468,3.340483183381582,500,0.8433386420841038,1414,1.5542450879366043,3,reports/v31_scenebal2_matched_reward_forecast_noexactevent_seed120_h075forecastctrl_20260718cleanpilot/rollout_validation_selected_static.npz,0.6376692435478343,0.6549237714088586,1.0076675765973595,0.7667535305180175
120,secondary_validation_selected_static,4096,1.1950271416529041,0.5559459563079482,1468,6.508234941386616,500,0.2593912619291237,1414,2.4411907198745624,3,reports/aggregate/pdppo_secondary_forecaster_24seed_20260718/seed120/rollout_secondary_validation_selected_static.npz,0.7402373978857333,1.2759824070459758,0.3099350026849408,0.7753849358722166
120,round_robin,4096,1.282248699494323,0.5813806420829456,1468,5.9391274943967804,500,0.6724972407979704,1414,2.3976684590925657,3,reports/v31_scenebal2_matched_reward_forecast_noexactevent_seed120_h075forecastctrl_20260718cleanpilot/rollout_round_robin.npz,0.7741034695793934,1.1644051366158512,0.8035368369088929,0.9140151477013791
120,aoi,4096,1.2844379913262098,0.6232691222011119,1468,5.86598251557508,500,0.6601801744216534,1414,2.3831439373992818,3,reports/v31_scenebal2_matched_reward_forecast_noexactevent_seed120_h075forecastctrl_20260718cleanpilot/rollout_aoi.npz,0.8298776310284319,1.1500645808460015,0.7888197258850934,0.9229206459198424
120,random,4096,1.31632582299047,0.5873486527366883,1468,6.064935296577013,500,0.713153987472505,1414,2.4551459789287353,3,reports/v31_scenebal2_matched_reward_forecast_noexactevent_seed120_h075forecastctrl_20260718cleanpilot/rollout_random.npz,0.782049825923487,1.1890705864185738,0.8521157627987556,0.9410787250469389
120,feasible_static_projected,4096,1.3380609803566317,0.4783337362105528,1468,6.489488527887309,500,0.817681580664019,1414,2.5951679482539602,3,reports/v31_scenebal2_matched_reward_forecast_noexactevent_seed120_h075forecastctrl_20260718cleanpilot/rollout_feasible_static_projected.npz,0.6368973749983154,1.2723070489748936,0.977011102894346,0.962071842289185
121,custom_ppo,4096,0.9105068802846324,0.4801940192041349,1189,3.3291762313099764,677,0.27299798915572754,1282,1.3607894132232794,3,reports/v31_scenebal2_matched_reward_forecast_noexactevent_seed121_h075forecastctrl_20260718cleanpilot/rollout_custom_ppo.npz,0.9165256429530501,0.46124175343519425,0.41989396751976216,0.5992204546360022
121,validation_selected_static,4096,0.9567003234372776,0.24861443415190013,1189,3.3071394986477607,677,0.7102588093773576,1282,1.4220042473923395,3,reports/v31_scenebal2_matched_reward_forecast_noexactevent_seed121_h075forecastctrl_20260718cleanpilot/rollout_validation_selected_static.npz,0.4745196628773774,0.4581886674743157,1.092438044535187,0.67504879162896
121,secondary_validation_selected_static,4096,0.9528907135636349,0.25418127241510946,1189,3.2899457096712257,677,0.7056084214604885,1282,1.4165784678489413,3,reports/aggregate/pdppo_secondary_forecaster_24seed_20260718/seed121/rollout_secondary_validation_selected_static.npz,0.4851448473119103,0.4558065486482987,1.085285355099785,0.6754122503533314
121,full_open_unconstrained,4096,0.9710003064742455,0.5987246608946755,1189,3.36582904365444,677,0.29954136896600375,1282,1.4213650245050398,3,reports/v31_scenebal2_matched_reward_forecast_noexactevent_seed121_h075forecastctrl_20260718cleanpilot/rollout_full_open_unconstrained.npz,1.1427599737452416,0.4663198286884947,0.4607199277929095,0.689933243408882
121,round_robin,4096,1.4109458676771869,0.36262202806564614,1189,6.2674551682214235,677,0.4944775697446705,1282,2.3748515886772465,3,reports/v31_scenebal2_matched_reward_forecast_noexactevent_seed121_h075forecastctrl_20260718cleanpilot/rollout_round_robin.npz,0.6921210471813878,0.8683265199900314,0.760548270892872,0.7736652793547637
121,aoi,4096,1.419977341095537,0.35837930058708933,1189,6.268081317825624,677,0.5092305929648021,1282,2.378563737125839,3,reports/v31_scenebal2_matched_reward_forecast_noexactevent_seed121_h075forecastctrl_20260718cleanpilot/rollout_aoi.npz,0.684023135973323,0.8684132700811314,0.7832396667964461,0.7785586909503003
121,feasible_static_projected,4096,1.492357786780948,0.23088630294767434,1189,6.936678152807339,677,0.6088474960217428,1282,2.5921373172589184,3,reports/v31_scenebal2_matched_reward_forecast_noexactevent_seed121_h075forecastctrl_20260718cleanpilot/rollout_feasible_static_projected.npz,0.4406827423817022,0.9610442259337878,0.9364588783590262,0.7793952822248388
121,random,4096,1.4587213676852557,0.36928715055470956,1189,6.429852352800528,677,0.5458565387143154,1282,2.4483320140231846,3,reports/v31_scenebal2_matched_reward_forecast_noexactevent_seed121_h075forecastctrl_20260718cleanpilot/rollout_random.npz,0.7048424794157464,0.8908258882913397,0.839573465160631,0.8117472776225724
122,custom_ppo,4096,0.8133249262414521,0.5045264258650235,1038,3.365133186724264,515,0.27434874558152633,1328,1.3813361193902713,3,reports/v31_scenebal2_matched_reward_forecast_noexactevent_seed122_h075forecastctrl_20260718cleanpilot/rollout_custom_ppo.npz,1.0785578932111946,0.523422618830831,0.3495838158968974,0.6505214426463076
122,full_open_unconstrained,4096,0.866419905132249,0.5884838576753715,1038,3.4446366306899763,515,0.2666843732315353,1328,1.4332682871989608,3,reports/v31_scenebal2_matched_reward_forecast_noexactevent_seed122_h075forecastctrl_20260718cleanpilot/rollout_full_open_unconstrained.npz,1.2580389790978974,0.5357888161066992,0.33981763115679503,0.7112151421204639
122,secondary_validation_selected_static,4096,1.23043176570058,0.4290219154063481,1038,6.904999384193716,515,0.2669943377461029,1328,2.533671879115389,3,reports/aggregate/pdppo_secondary_forecaster_24seed_20260718/seed122/rollout_secondary_validation_selected_static.npz,0.9171471492870732,1.0740237191676114,0.34021259770772816,0.7771278220541374
122,validation_selected_static,4096,1.23224162280543,0.4280210179171694,1038,6.909349954519945,515,0.27158954083283277,1328,2.536320171089982,3,reports/v31_scenebal2_matched_reward_forecast_noexactevent_seed122_h075forecastctrl_20260718cleanpilot/rollout_validation_selected_static.npz,0.9150074677324389,1.0747004195497971,0.3460679502681169,0.7785919458501177
122,random,4096,1.2681465466631114,0.4728852179730059,1038,6.235723708630077,515,0.5761742439658007,1328,2.4282610568562943,3,reports/v31_scenebal2_matched_reward_forecast_noexactevent_seed122_h075forecastctrl_20260718cleanpilot/rollout_random.npz,1.0109164917441447,0.96992263092382,0.7341793759622626,0.9050061662100758
122,aoi,4096,1.2702013476557272,0.49805748860897003,1038,6.1924822013194705,515,0.5770415098016933,1328,2.4225270665767114,3,reports/v31_scenebal2_matched_reward_forecast_noexactevent_seed122_h075forecastctrl_20260718cleanpilot/rollout_aoi.npz,1.0647288389129148,0.9631967209099157,0.7352844734164743,0.9210700110797682
122,round_robin,4096,1.2722474118147495,0.5057458999160342,1038,6.2727422964966975,515,0.5608061012155864,1328,2.4464314325427727,3,reports/v31_scenebal2_matched_reward_forecast_noexactevent_seed122_h075forecastctrl_20260718cleanpilot/rollout_round_robin.npz,1.0811648396382898,0.9756806099194232,0.7145968042450841,0.9238140846009323
122,feasible_static_projected,4096,1.329597121851216,0.4025752218688459,1038,6.739508916667373,515,0.7026473163880442,1328,2.614910484974754,3,reports/v31_scenebal2_matched_reward_forecast_noexactevent_seed122_h075forecastctrl_20260718cleanpilot/rollout_feasible_static_projected.npz,0.8606103880752004,1.048282849758369,0.8953353498008019,0.9347428625447903
123,full_open_unconstrained,4096,0.7983199937489635,0.5802875115477123,971,3.2558147642058985,388,0.3151759968744294,1503,1.383759424209347,3,reports/v31_scenebal2_matched_reward_forecast_noexactevent_seed123_h075forecastctrl_20260718cleanpilot/rollout_full_open_unconstrained.npz,0.6400835910244357,0.5154974028962639,0.36554648840148035,0.5070424941073933
123,custom_ppo,4096,0.8783369808092298,0.5362971068443956,971,4.550597071908832,388,0.3141259461472523,1503,1.8003400416334934,3,reports/v31_scenebal2_matched_reward_forecast_noexactevent_seed123_h075forecastctrl_20260718cleanpilot/rollout_custom_ppo.npz,0.5915601683196856,0.7205019763366352,0.36432862168647184,0.5587969221142642
123,secondary_validation_selected_static,4096,1.0617061636974516,0.5386299086145974,971,6.518938384726894,388,0.3035378771816616,1503,2.4537020568410512,3,reports/aggregate/pdppo_secondary_forecaster_24seed_20260718/seed123/rollout_secondary_validation_selected_static.npz,0.5941333550667799,1.032152026556435,0.3520483989927798,0.6594445935386649
123,validation_selected_static,4096,0.9404982896831022,0.4961499486929582,971,3.1770370889267436,388,0.8481782777963994,1503,1.507121771805367,3,reports/v31_scenebal2_matched_reward_forecast_noexactevent_seed123_h075forecastctrl_20260718cleanpilot/rollout_validation_selected_static.npz,0.5472760218446755,0.5030244307053799,0.9837316104703775,0.6780106876734777
123,aoi,4096,1.168953514262169,0.5912203563550813,971,5.843316152451525,388,0.6772290647739897,1503,2.370588524526865,3,reports/v31_scenebal2_matched_reward_forecast_noexactevent_seed123_h075forecastctrl_20260718cleanpilot/rollout_aoi.npz,0.6521430174727993,0.9251798763266672,0.7854618020616003,0.7875948986203557
123,round_robin,4096,1.1705895013510317,0.5902263622969014,971,6.0312065934919445,388,0.6674204478249848,1503,2.42961780120461,3,reports/v31_scenebal2_matched_reward_forecast_noexactevent_seed123_h075forecastctrl_20260718cleanpilot/rollout_round_robin.npz,0.6510465966924868,0.9549288151945065,0.7740856010902665,0.7933536709924199
123,random,4096,1.1911571921821502,0.6195693875183945,971,5.9703475768145085,388,0.6801584232912311,1503,2.423358462541378,3,reports/v31_scenebal2_matched_reward_forecast_noexactevent_seed123_h075forecastctrl_20260718cleanpilot/rollout_random.npz,0.6834132917902317,0.9452929276173179,0.7888593219548211,0.8058551804541235
123,feasible_static_projected,4096,1.1996732067382558,0.5069929565325335,971,6.363583598190527,388,0.7703279183694556,1503,2.546968157697505,3,reports/v31_scenebal2_matched_reward_forecast_noexactevent_seed123_h075forecastctrl_20260718cleanpilot/rollout_feasible_static_projected.npz,0.5592363540202729,1.007554500349647,0.8934394378699037,0.8200767640799412
124,custom_ppo,4096,0.7656246192329168,0.582150908133725,1080,3.336814756261348,465,0.29122459216006746,1533,1.4033967521850468,3,reports/v31_scenebal2_matched_reward_forecast_noexactevent_seed124_h075forecastctrl_20260718cleanpilot/rollout_custom_ppo.npz,1.5124749983984334,0.5119560560882195,0.4119477594188871,0.8121262713018466
124,full_open_unconstrained,4096,0.815890790782658,0.6217586181736491,1080,3.4398437661935697,465,0.30042167379885193,1533,1.4540080193886904,3,reports/v31_scenebal2_matched_reward_forecast_noexactevent_seed124_h075forecastctrl_20260718cleanpilot/rollout_full_open_unconstrained.npz,1.615379022668097,0.5277634441035711,0.42495736532540834,0.8560332773656921
124,validation_selected_static,4096,1.1794393521895201,0.5809509661505584,1080,7.018922060319648,465,0.2981328303559628,1533,2.632668618942056,3,reports/v31_scenebal2_matched_reward_forecast_noexactevent_seed124_h075forecastctrl_20260718cleanpilot/rollout_validation_selected_static.npz,1.5093574523743511,1.076889164808765,0.4217197131719097,1.0026554434516752
124,secondary_validation_selected_static,4096,1.1758913837143288,0.5860977187891463,1080,6.99463591945676,465,0.29351750547858874,1533,2.624750381241498,3,reports/aggregate/pdppo_secondary_forecaster_24seed_20260718/seed124/rollout_secondary_validation_selected_static.npz,1.5227291307141833,1.0731630254207645,0.41519116855923677,1.0036944415647282
124,feasible_static_projected,4096,1.2622686881751193,0.5251516755316697,1080,6.7325622848089965,465,0.6695551308131732,1533,2.6424230303846135,3,reports/v31_scenebal2_matched_reward_forecast_noexactevent_seed124_h075forecastctrl_20260718cleanpilot/rollout_feasible_static_projected.npz,1.3643863962267395,1.0329539655239839,0.9471100428026527,1.114816801517792
124,round_robin,4096,1.236525880386548,0.6170788290601779,1080,6.384733178334443,465,0.5666540858467642,1533,2.522822031080462,3,reports/v31_scenebal2_matched_reward_forecast_noexactevent_seed124_h075forecastctrl_20260718cleanpilot/rollout_round_robin.npz,1.603220553217979,0.9795877373840318,0.801552778557347,1.1281203563864526
124,aoi,4096,1.2393984472977368,0.6404261106610828,1080,6.433780511253469,465,0.5638216585951032,1533,2.5460094268365516,3,reports/v31_scenebal2_matched_reward_forecast_noexactevent_seed124_h075forecastctrl_20260718cleanpilot/rollout_aoi.npz,1.6638786733180424,0.9871129016370828,0.7975462073698512,1.1495125941083255
124,random,4096,1.295091781991283,0.6668265232886539,1080,6.63496072805344,465,0.6031873950802162,1533,2.6349915488074367,3,reports/v31_scenebal2_matched_reward_forecast_noexactevent_seed124_h075forecastctrl_20260718cleanpilot/rollout_random.npz,1.7324690740005941,1.0179792930550122,0.8532304709227155,1.2012262793261073
125,custom_ppo,4096,0.699947285247887,0.455489836272134,1189,3.2285887786378344,303,0.32050373706494767,1169,1.3348607839916387,3,reports/v31_scenebal2_matched_reward_forecast_noexactevent_seed125_h075forecastctrl_20260718cleanpilot/rollout_custom_ppo.npz,0.9110252523876579,0.4863045284264754,0.3937874603021135,0.5970390803720823
125,full_open_unconstrained,4096,0.7255417295812678,0.510132111037789,1189,3.209910858862651,303,0.32161668415955885,1169,1.3472198846866663,3,reports/v31_scenebal2_matched_reward_forecast_noexactevent_seed125_h075forecastctrl_20260718cleanpilot/rollout_full_open_unconstrained.npz,1.0203152698484976,0.48349117634263084,0.395154884638101,0.6329871102764099
125,validation_selected_static,4096,0.9111878029156802,0.43778656405200744,1189,6.474024561491738,303,0.3127617138868861,1169,2.408190946476877,3,reports/v31_scenebal2_matched_reward_forecast_noexactevent_seed125_h075forecastctrl_20260718cleanpilot/rollout_validation_selected_static.npz,0.8756169364207733,0.9751466282200146,0.38427521038949813,0.7450129250100953
125,secondary_validation_selected_static,4096,0.91276225760239,0.43587227082127045,1189,6.482223832082751,303,0.31539969246088345,1169,2.411165265121635,3,reports/aggregate/pdppo_secondary_forecaster_24seed_20260718/seed125/rollout_secondary_validation_selected_static.npz,0.8717881584002816,0.976381639146332,0.3875163672399572,0.7452287215955237
125,feasible_static_projected,4096,0.9517743435559819,0.3291281401435209,1189,6.273108071377495,303,0.7355315371903735,1169,2.4459225829037963,3,reports/v31_scenebal2_matched_reward_forecast_noexactevent_seed125_h075forecastctrl_20260718cleanpilot/rollout_feasible_static_projected.npz,0.6582892153997233,0.9448836849723047,0.903712071050244,0.8356283238074239
125,round_robin,4096,0.9988697031669396,0.5101209612004213,1189,5.76791568094095,303,0.6406982511378438,1169,2.306244964426405,3,reports/v31_scenebal2_matched_reward_forecast_noexactevent_seed125_h075forecastctrl_20260718cleanpilot/rollout_round_robin.npz,1.0202929690580231,0.8687893403405487,0.7871949932504243,0.8920924342163321
125,random,4096,1.0113191815197136,0.5115703469684015,1189,5.649296936692435,303,0.6534342599494433,1169,2.2714338478700933,3,reports/v31_scenebal2_matched_reward_forecast_noexactevent_seed125_h075forecastctrl_20260718cleanpilot/rollout_random.npz,1.0231918856307574,0.8509224528428313,0.8028431120843359,0.8923191501859749
125,aoi,4096,1.0045165738397976,0.5085048981243848,1189,5.948013064469566,303,0.6623209479843701,1169,2.372946303526107,3,reports/v31_scenebal2_matched_reward_forecast_noexactevent_seed125_h075forecastctrl_20260718cleanpilot/rollout_aoi.npz,1.0170606811901532,0.8959164163395792,0.8137617564153438,0.9089129513150254
126,custom_ppo,4096,1.05089218817364,0.5762897993808566,1478,3.4344369063247875,769,0.30077363957208725,900,1.4371667817592437,3,reports/v31_scenebal2_matched_reward_forecast_noexactevent_seed126_h075forecastctrl_20260718cleanpilot/rollout_custom_ppo.npz,0.8223673714329033,0.5144830861397951,0.37531080765426533,0.5707204217423213
126,full_open_unconstrained,4096,1.1350254166959355,0.6450958123139052,1478,3.6083344039889087,769,0.31646826989442983,900,1.5232994953990813,3,reports/v31_scenebal2_matched_reward_forecast_noexactevent_seed126_h075forecastctrl_20260718cleanpilot/rollout_full_open_unconstrained.npz,0.9205537701082244,0.5405331559796176,0.39489485228827576,0.6186605927920392
126,secondary_validation_selected_static,4096,1.6323498500205749,0.4330755505244983,1478,6.859549892400045,769,0.2948578013203317,900,2.529161081414958,3,reports/aggregate/pdppo_secondary_forecaster_24seed_20260718/seed126/rollout_secondary_validation_selected_static.npz,0.6180001841075791,1.0275694369789456,0.3679289172885498,0.6711661794583582
126,validation_selected_static,4096,1.0987180659508176,0.4064101247604937,1478,3.5158142740906055,769,0.739930387522091,900,1.5540515954577299,3,reports/v31_scenebal2_matched_reward_forecast_noexactevent_seed126_h075forecastctrl_20260718cleanpilot/rollout_validation_selected_static.npz,0.5799485369723303,0.5266735209773049,0.9232985701271585,0.6766402093589313
126,aoi,4096,1.6267873979861238,0.5218367817301433,1478,6.2332390167489695,769,0.5695028997007368,900,2.4415262327266167,3,reports/v31_scenebal2_matched_reward_forecast_noexactevent_seed126_h075forecastctrl_20260718cleanpilot/rollout_aoi.npz,0.744662742546331,0.9337472585617277,0.7106360569105052,0.7963486860061879
126,round_robin,4096,1.605805999036097,0.5263760950941878,1478,6.16490576990401,769,0.5861582577313086,900,2.4258133742431687,3,reports/v31_scenebal2_matched_reward_forecast_noexactevent_seed126_h075forecastctrl_20260718cleanpilot/rollout_round_robin.npz,0.7511403571133599,0.9235108498922296,0.7314189150197402,0.8020233740084431
126,random,4096,1.6344176904925727,0.5042765226392668,1478,6.321483722044496,769,0.6073957697846802,900,2.4777186714894808,3,reports/v31_scenebal2_matched_reward_forecast_noexactevent_seed126_h075forecastctrl_20260718cleanpilot/rollout_random.npz,0.7196041971308828,0.9469664294343475,0.757919468102311,0.8081633648891805
126,feasible_static_projected,4096,1.6736889545080025,0.40564825270160787,1478,6.739213998219134,769,0.6748278837524059,900,2.6065633782243824,3,reports/v31_scenebal2_matched_reward_forecast_noexactevent_seed126_h075forecastctrl_20260718cleanpilot/rollout_feasible_static_projected.npz,0.5788613431280053,1.0095429645468643,0.8420624840629765,0.8101555972459487
127,custom_ppo,4096,0.7679062714646288,0.5794960563054096,1282,3.0358207554496106,452,0.26392963607302083,1143,1.2930821492760136,3,reports/v31_scenebal2_matched_reward_forecast_noexactevent_seed127_h075forecastctrl_20260718cleanpilot/rollout_custom_ppo.npz,0.6033250357943194,0.485339525983832,0.342802857536797,0.4771558064383161
127,full_open_unconstrained,4096,0.8041213016004335,0.6223641936894593,1282,3.1657076809978957,452,0.2757521702334146,1143,1.35460801497359,3,reports/v31_scenebal2_matched_reward_forecast_noexactevent_seed127_h075forecastctrl_20260718cleanpilot/rollout_full_open_unconstrained.npz,0.647955918507414,0.5061046712131543,0.3581584597109617,0.5040730164771766
127,secondary_validation_selected_static,4096,1.091241965827094,0.6006004980027427,1282,6.046805076925503,452,0.2715520089977461,1143,2.3063191946419974,3,reports/aggregate/pdppo_secondary_forecaster_24seed_20260718/seed127/rollout_secondary_validation_selected_static.npz,0.625297295836331,0.966708427855455,0.3527031145093941,0.6482362794003934
127,validation_selected_static,4096,0.899641119068745,0.5568529156018929,1282,3.1332501562647836,452,0.76677195491108,1143,1.485625008925919,3,reports/v31_scenebal2_matched_reward_forecast_noexactevent_seed127_h075forecastctrl_20260718cleanpilot/rollout_validation_selected_static.npz,0.5797508051730755,0.5009156561369845,0.9959155066234082,0.6921939893111562
127,round_robin,4096,1.11377045139576,0.6167848768758666,1282,5.444771519541667,452,0.5448073631848935,1143,2.2021212532008088,3,reports/v31_scenebal2_matched_reward_forecast_noexactevent_seed127_h075forecastctrl_20260718cleanpilot/rollout_round_robin.npz,0.6421471792077377,0.870460755510993,0.7076186050406185,0.7400755132531164
127,aoi,4096,1.1183965902856197,0.6445410139284377,1282,5.41145468792593,452,0.5415354438440358,1143,2.1991770485661344,3,reports/v31_scenebal2_matched_reward_forecast_noexactevent_seed127_h075forecastctrl_20260718cleanpilot/rollout_aoi.npz,0.6710446534848169,0.8651343622334459,0.7033688992615917,0.7465159716599515
127,random,4096,1.166466116016831,0.6281194105307703,1282,5.807264764617958,452,0.5543021410170931,1143,2.3298954387219406,3,reports/v31_scenebal2_matched_reward_forecast_noexactevent_seed127_h075forecastctrl_20260718cleanpilot/rollout_random.npz,0.6539477908748041,0.9284128923167816,0.7199508198725085,0.7674371676880315
127,feasible_static_projected,4096,1.1336991795630205,0.5208209228889215,1282,5.921939143561008,452,0.675055427806459,1143,2.3726051647521293,3,reports/v31_scenebal2_matched_reward_forecast_noexactevent_seed127_h075forecastctrl_20260718cleanpilot/rollout_feasible_static_projected.npz,0.542237170599112,0.9467459933797483,0.8767902426226784,0.7885911355338463
128,custom_ppo,4096,0.9420291696215656,0.48978081453156413,947,3.148820835044093,684,0.2707637107954684,954,1.3031217867903753,3,reports/v31_scenebal2_matched_reward_forecast_noexactevent_seed128_h075forecastctrl_20260718cleanpilot/rollout_custom_ppo.npz,1.3152302080901606,0.5306786798410232,0.34526771974435355,0.7303922025585124
128,full_open_unconstrained,4096,0.9866550109586092,0.5375539602082193,947,3.2191532822874795,684,0.2876285183165657,954,1.3481119202707548,3,reports/v31_scenebal2_matched_reward_forecast_noexactevent_seed128_h075forecastctrl_20260718cleanpilot/rollout_full_open_unconstrained.npz,1.4435175612596047,0.5425319837310765,0.3667730892033178,0.7842742113979996
128,secondary_validation_selected_static,4096,1.057252157207576,0.44194913839188943,947,3.0965321148644844,684,0.8776025483271934,954,1.4720279338611892,3,reports/aggregate/pdppo_secondary_forecaster_24seed_20260718/seed128/rollout_secondary_validation_selected_static.npz,1.1867856804647705,0.5218663305683461,1.119085825100293,0.9425792787111366
128,validation_selected_static,4096,1.0732810982554313,0.43794317762362595,947,3.1804021964181333,684,0.8782881709944098,954,1.4988778483453897,3,reports/v31_scenebal2_matched_reward_forecast_noexactevent_seed128_h075forecastctrl_20260718cleanpilot/rollout_validation_selected_static.npz,1.1760282958173476,0.5360011659523435,1.1199601053877783,0.9439965223858232
128,aoi,4096,1.5523345893598934,0.5525247791435608,947,6.067109323433388,684,0.6569579715552336,954,2.425530691377394,3,reports/v31_scenebal2_matched_reward_forecast_noexactevent_seed128_h075forecastctrl_20260718cleanpilot/rollout_aoi.npz,1.4837193672908215,1.0225051645930527,0.8377281436288678,1.1146508918375806
128,random,4096,1.576702329255666,0.5767004838464652,947,6.212895269976675,684,0.63858854957484,954,2.4760614344659935,3,reports/v31_scenebal2_matched_reward_forecast_noexactevent_seed128_h075forecastctrl_20260718cleanpilot/rollout_random.npz,1.5486394625328905,1.0470748361316629,0.8143041462934818,1.1366728149860117
128,round_robin,4096,1.5795368373560592,0.5658324266197968,947,6.295093561256729,684,0.6604625527803207,954,2.507129513552282,3,reports/v31_scenebal2_matched_reward_forecast_noexactevent_seed128_h075forecastctrl_20260718cleanpilot/rollout_round_robin.npz,1.519454985020357,1.0609279205041422,0.8421970540478078,1.1408599865241023
128,feasible_static_projected,4096,1.6488185990914412,0.4638517652466772,947,6.880473930221632,684,0.8159492891704341,954,2.7200916615462476,3,reports/v31_scenebal2_matched_reward_forecast_noexactevent_seed128_h075forecastctrl_20260718cleanpilot/rollout_feasible_static_projected.npz,1.2456017786483944,1.1595835435709896,1.0404679034396545,1.1485510752196795
129,secondary_validation_selected_static,4096,1.1273508711269735,0.28853470726795843,877,6.042390086313277,565,0.3344924875194315,1605,2.221805760366889,3,reports/aggregate/pdppo_secondary_forecaster_24seed_20260718/seed129/rollout_secondary_validation_selected_static.npz,0.6141753272810924,0.9160403669698405,0.4742060129279437,0.6681405690596255
129,custom_ppo,4096,0.8109067155540509,0.5034246942202646,877,3.358996653802468,565,0.34626367084881854,1605,1.4028950062905172,3,reports/v31_scenebal2_matched_reward_forecast_noexactevent_seed129_h075forecastctrl_20260718cleanpilot/rollout_custom_ppo.npz,1.0715904137209156,0.5092316920036978,0.4908938792398836,0.6905719949881656
129,validation_selected_static,4096,0.9536829035184053,0.25374396669324084,877,3.207111415658253,565,0.8844096518025674,1605,1.4484216780513537,3,reports/v31_scenebal2_matched_reward_forecast_noexactevent_seed129_h075forecastctrl_20260718cleanpilot/rollout_validation_selected_static.npz,0.5401197147651778,0.48620553723721205,1.2538170225778924,0.7600474248600942
129,full_open_unconstrained,4096,0.8806380882218023,0.6618011707821639,877,3.3436116049745546,565,0.3437080572941672,1605,1.449706944350295,3,reports/v31_scenebal2_matched_reward_forecast_noexactevent_seed129_h075forecastctrl_20260718cleanpilot/rollout_full_open_unconstrained.npz,1.4087107735107574,0.5068992828786905,0.487270816362379,0.8009602909172756
129,feasible_static_projected,4096,1.2647899009201655,0.212549241956651,877,5.910556224550871,565,0.8142379203111915,1605,2.312447795606238,3,reports/v31_scenebal2_matched_reward_forecast_noexactevent_seed129_h075forecastctrl_20260718cleanpilot/rollout_feasible_static_projected.npz,0.4524325738076324,0.8960540474203244,1.1543353951800797,0.8342740054693455
129,round_robin,4096,1.2130046334718847,0.35551973255145486,877,5.6165193118026435,565,0.6690186009977482,1605,2.213685881783949,3,reports/v31_scenebal2_matched_reward_forecast_noexactevent_seed129_h075forecastctrl_20260718cleanpilot/rollout_round_robin.npz,0.7567597332126013,0.8514773687205043,0.9484596969770299,0.8522322663033784
129,random,4096,1.23451278420067,0.38354930416263733,877,5.705890050198923,565,0.6543691635733141,1605,2.2479361726449585,3,reports/v31_scenebal2_matched_reward_forecast_noexactevent_seed129_h075forecastctrl_20260718cleanpilot/rollout_random.npz,0.8164235132855454,0.8650261801721735,0.927691364138838,0.869713685865519
129,aoi,4096,1.2320735678822547,0.385016798151613,877,5.623844149270397,565,0.6799532117501804,1605,2.229604719724063,3,reports/v31_scenebal2_matched_reward_forecast_noexactevent_seed129_h075forecastctrl_20260718cleanpilot/rollout_aoi.npz,0.819547222767487,0.8525878310882277,0.9639615643172603,0.8786988727243251
130,custom_ppo,4096,0.8965782483383034,0.5736181786394716,1369,3.2227662435242315,656,0.2610637362462707,1080,1.3524827194699913,3,reports/v31_scenebal2_matched_reward_forecast_noexactevent_seed130_h075forecastctrl_20260718cleanpilot/rollout_custom_ppo.npz,0.6940633902060342,0.4892722513192564,0.3892441244181749,0.5241932553144886
130,full_open_unconstrained,4096,0.9566582136915189,0.6571036364309691,1369,3.296968388530069,656,0.2667767704830195,1080,1.4069495984813525,3,reports/v31_scenebal2_matched_reward_forecast_noexactevent_seed130_h075forecastctrl_20260718cleanpilot/rollout_full_open_unconstrained.npz,0.795078668356918,0.500537434021438,0.39776221674776824,0.564459439708708
130,validation_selected_static,4096,1.4082451893695533,0.45492563730702995,1369,6.676648012082296,656,0.26940188800695203,1080,2.466991845798759,3,reports/v31_scenebal2_matched_reward_forecast_noexactevent_seed130_h075forecastctrl_20260718cleanpilot/rollout_validation_selected_static.npz,0.5504484374429323,1.0136318793526486,0.40167624780696526,0.6552521882008487
130,secondary_validation_selected_static,4096,1.4142298213105962,0.45696948968255957,1369,6.700273564878793,656,0.2699759957361853,1080,2.4757396834325127,3,reports/aggregate/pdppo_secondary_forecaster_24seed_20260718/seed130/rollout_secondary_validation_selected_static.npz,0.5529214467750377,1.017218651253537,0.4025322382390347,0.6575574454225365
130,round_robin,4096,1.4254346430767946,0.5006147041254452,1369,6.118218358122592,656,0.5617567328697469,1080,2.393529931705928,3,reports/v31_scenebal2_matched_reward_forecast_noexactevent_seed130_h075forecastctrl_20260718cleanpilot/rollout_round_robin.npz,0.6057310449198307,0.9288524962542595,0.8375751866801944,0.790719575951428
130,aoi,4096,1.4390113474530621,0.5345042519845592,1369,6.122474778518082,656,0.5500493125424992,1080,2.402342781015047,3,reports/v31_scenebal2_matched_reward_forecast_noexactevent_seed130_h075forecastctrl_20260718cleanpilot/rollout_aoi.npz,0.6467365349052343,0.9294986952746344,0.820119508461538,0.7987849128804688
130,random,4096,1.4402369323362325,0.5447411437101359,1369,6.065775935746589,656,0.5880085517585097,1080,2.3995085437384116,3,reports/v31_scenebal2_matched_reward_forecast_noexactevent_seed130_h075forecastctrl_20260718cleanpilot/rollout_random.npz,0.6591229132328492,0.9208908198180301,0.876716456948776,0.8189100633332185
130,feasible_static_projected,4096,1.4661230564955106,0.39111930548535345,1369,6.607560621466423,656,0.6806490623516456,1080,2.559776329767807,3,reports/v31_scenebal2_matched_reward_forecast_noexactevent_seed130_h075forecastctrl_20260718cleanpilot/rollout_feasible_static_projected.npz,0.47324440062910217,1.0031432057753071,1.014842781768786,0.8304101293910651
131,custom_ppo,4096,0.9150203524368318,0.5555959857046837,1233,3.234547896201615,601,0.27834142555945335,814,1.3561617691552508,3,reports/v31_scenebal2_matched_reward_forecast_noexactevent_seed131_h075forecastctrl_20260718cleanpilot/rollout_custom_ppo.npz,0.7954303251956631,0.4663764211082893,0.35526026047258275,0.5390223355921784
131,full_open_unconstrained,4096,0.9548636433290052,0.6184062661519749,1233,3.3396884938637723,601,0.30546625861485793,814,1.4211870062102017,3,reports/v31_scenebal2_matched_reward_forecast_noexactevent_seed131_h075forecastctrl_20260718cleanpilot/rollout_full_open_unconstrained.npz,0.8853539443133426,0.48153622001200813,0.3898809614234731,0.585590375249608
131,secondary_validation_selected_static,4096,1.3684284672392084,0.6079337305005226,1233,6.411088513899998,601,0.2786945815337772,814,2.4325722753114323,3,reports/aggregate/pdppo_secondary_forecaster_24seed_20260718/seed131/rollout_secondary_validation_selected_static.npz,0.870360725043962,0.9243890065849162,0.3557110100624922,0.7168202472304568
131,validation_selected_static,4096,1.0039861916188968,0.5788657374905447,1233,3.1977581716998458,601,0.8131330390491938,814,1.529918982746528,3,reports/v31_scenebal2_matched_reward_forecast_noexactevent_seed131_h075forecastctrl_20260718cleanpilot/rollout_validation_selected_static.npz,0.8287449399633949,0.4610718590497574,1.0378399646076983,0.7758855878736169
131,random,4096,1.38288346701875,0.6282452635021288,1233,5.811570269923222,601,0.6064741797033845,814,2.3487632377095786,3,reports/v31_scenebal2_matched_reward_forecast_noexactevent_seed131_h075forecastctrl_20260718cleanpilot/rollout_random.npz,0.8994401455516504,0.8379468879372514,0.7740715368481834,0.8371528567790284
131,round_robin,4096,1.3888592914104918,0.6346742926721597,1233,5.882619760233354,601,0.6234519976359231,814,2.380248683513812,3,reports/v31_scenebal2_matched_reward_forecast_noexactevent_seed131_h075forecastctrl_20260718cleanpilot/rollout_round_robin.npz,0.9086443962931743,0.8481912275098139,0.7957411248688908,0.8508589162239596
131,aoi,4096,1.4279119963829416,0.6509344060445941,1233,6.0585359917841775,601,0.6227563642282173,814,2.4440755873523297,3,reports/v31_scenebal2_matched_reward_forecast_noexactevent_seed131_h075forecastctrl_20260718cleanpilot/rollout_aoi.npz,0.931923519253628,0.8735558797327336,0.7948532552134192,0.866777551399927
131,feasible_static_projected,4096,1.3889479363492359,0.5385149760200088,1233,6.214325885206744,601,0.7813840068386136,814,2.511408289355122,3,reports/v31_scenebal2_matched_reward_forecast_noexactevent_seed131_h075forecastctrl_20260718cleanpilot/rollout_feasible_static_projected.npz,0.7709759492863075,0.8960185964000553,0.9973171806555341,0.8881039087806323
132,custom_ppo,4096,0.700787881732025,0.47566918722284757,854,3.410813713585086,411,0.264948410980278,1113,1.383810437262737,3,reports/v31_scenebal2_matched_reward_forecast_noexactevent_seed132_h075forecastctrl_20260718cleanpilot/rollout_custom_ppo.npz,0.851340677127568,0.48526682194178483,0.3070582737802639,0.5478885909498722
132,full_open_unconstrained,4096,0.7722764893746568,0.5221755092336288,854,3.540819914844698,411,0.2795115837703155,1113,1.4475023359495474,3,reports/v31_scenebal2_matched_reward_forecast_noexactevent_seed132_h075forecastctrl_20260718cleanpilot/rollout_full_open_unconstrained.npz,0.9345765156785781,0.5037631988816046,0.32393606021849053,0.5874252582595577
132,secondary_validation_selected_static,4096,1.0301629509185828,0.43982122196607265,854,6.70075003412822,411,0.27153503922155797,1113,2.4707020984386165,3,reports/aggregate/pdppo_secondary_forecaster_24seed_20260718/seed132/rollout_secondary_validation_selected_static.npz,0.787180895844425,0.9533360502030807,0.31469175491841017,0.6850695669886386
132,validation_selected_static,4096,0.8263941002784639,0.377823452496392,854,3.3617311978048803,411,0.8068550423640846,1113,1.5154698975551189,3,reports/v31_scenebal2_matched_reward_forecast_noexactevent_seed132_h075forecastctrl_20260718cleanpilot/rollout_validation_selected_static.npz,0.6762188565564162,0.47828370341182774,0.9350934228386802,0.6965319942689746
132,feasible_static_projected,4096,1.1079894805600614,0.37297636098085846,854,6.624932072841841,411,0.7443542349961567,1113,2.580754222939619,3,reports/v31_scenebal2_matched_reward_forecast_noexactevent_seed132_h075forecastctrl_20260718cleanpilot/rollout_feasible_static_projected.npz,0.6675436547906135,0.9425491986746592,0.8626589819252102,0.8242506117968276
132,round_robin,4096,1.1278794155616367,0.47003869642630014,854,6.418384884776363,411,0.6540235952510935,1113,2.5141490588179187,3,reports/v31_scenebal2_matched_reward_forecast_noexactevent_seed132_h075forecastctrl_20260718cleanpilot/rollout_round_robin.npz,0.8412633671481694,0.913163103170723,0.757971544069051,0.8374660047959811
132,aoi,4096,1.1292182793989318,0.48396763409897964,854,6.424306337287116,411,0.6440531374613926,1113,2.5174423696158295,3,reports/v31_scenebal2_matched_reward_forecast_noexactevent_seed132_h075forecastctrl_20260718cleanpilot/rollout_aoi.npz,0.8661930274004134,0.9140055661964014,0.7464164207664528,0.8422050047877558
132,random,4096,1.105133166124907,0.5030504787667228,854,6.165514527731398,411,0.6497156424643203,1113,2.4394268829874806,3,reports/v31_scenebal2_matched_reward_forecast_noexactevent_seed132_h075forecastctrl_20260718cleanpilot/rollout_random.npz,0.9003470200014636,0.8771864697832856,0.7529789021379698,0.8435041306409063
133,custom_ppo,4096,0.9095826161906686,0.40897848066227893,835,3.322422714537693,704,0.27476360914494574,1236,1.3353882681149727,3,reports/v31_scenebal2_matched_reward_forecast_noexactevent_seed133_h075forecastctrl_20260718cleanpilot/rollout_custom_ppo.npz,0.5847029487077693,0.5185408435311413,0.4052879991294465,0.502843930456119
133,full_open_unconstrained,4096,0.9653059088933833,0.4552710531926339,835,3.4128247491671817,704,0.2812057448910833,1236,1.3831005157502998,3,reports/v31_scenebal2_matched_reward_forecast_noexactevent_seed133_h075forecastctrl_20260718cleanpilot/rollout_full_open_unconstrained.npz,0.6508859019475955,0.5326501701645613,0.41479042310326697,0.5327754984051413
133,secondary_validation_selected_static,4096,1.5594237991242221,0.4592154397109137,835,6.983493992960516,704,0.26989084807212815,1236,2.5708667602478523,3,reports/aggregate/pdppo_secondary_forecaster_24seed_20260718/seed133/rollout_secondary_validation_selected_static.npz,0.6565250603315446,1.089935621394368,0.39810046948684275,0.7148537170709184
133,validation_selected_static,4096,1.5555184561517796,0.4586191960133448,835,6.953052354435202,704,0.2763913865280294,1236,2.5626876456588588,3,reports/v31_scenebal2_matched_reward_forecast_noexactevent_seed133_h075forecastctrl_20260718cleanpilot/rollout_validation_selected_static.npz,0.65567263052264,1.0851845002169465,0.40768903993929456,0.7161820568929603
133,round_robin,4096,1.5629744499668425,0.5256806195233615,835,6.1669715663393125,704,0.6605249872902226,1236,2.4510590577176323,3,reports/v31_scenebal2_matched_reward_forecast_noexactevent_seed133_h075forecastctrl_20260718cleanpilot/rollout_round_robin.npz,0.7515481201262765,0.962498427442614,0.9743024242072625,0.8961163239253843
133,aoi,4096,1.5816404735508223,0.5236734462749632,835,6.235811364530991,704,0.6601859372510781,1236,2.4732235826856774,3,reports/v31_scenebal2_matched_reward_forecast_noexactevent_seed133_h075forecastctrl_20260718cleanpilot/rollout_aoi.npz,0.7486785312055944,0.973242468791306,0.9738023109921345,0.8985744369963449
133,random,4096,1.5716003371081682,0.5388865775927549,835,6.107805290671037,704,0.672669878329949,1236,2.4397872488645804,3,reports/v31_scenebal2_matched_reward_forecast_noexactevent_seed133_h075forecastctrl_20260718cleanpilot/rollout_random.npz,0.7704282397139417,0.9532641628322204,0.9922166545686029,0.9053030190382549
133,feasible_static_projected,4096,1.6367935687073656,0.36306064494108653,835,6.797220245451673,704,0.8173334432387753,1236,2.659204777877178,3,reports/v31_scenebal2_matched_reward_forecast_noexactevent_seed133_h075forecastctrl_20260718cleanpilot/rollout_feasible_static_projected.npz,0.519055744236318,1.0608632984360948,1.2056015600562209,0.9285068675762113
134,custom_ppo,4096,0.9276722062842204,0.5044798756670057,1244,3.1843055816696864,740,0.2778306884377396,1166,1.3222053819248105,3,reports/v31_scenebal2_matched_reward_forecast_noexactevent_seed134_h075forecastctrl_20260718cleanpilot/rollout_custom_ppo.npz,1.3539032529148929,0.5378337761594265,0.40415267497348994,0.7652965680159364
134,full_open_unconstrained,4096,1.0065748032248931,0.5861717657036647,1244,3.3275368519133828,740,0.2858548121820338,1166,1.3998544765996936,3,reports/v31_scenebal2_matched_reward_forecast_noexactevent_seed134_h075forecastctrl_20260718cleanpilot/rollout_full_open_unconstrained.npz,1.573144735067502,0.5620257429677394,0.41582514749195154,0.8503318751757311
134,validation_selected_static,4096,1.4962020775767342,0.42388558106155094,1244,6.468358323886281,740,0.2759050322751025,1166,2.3893829790743113,3,reports/v31_scenebal2_matched_reward_forecast_noexactevent_seed134_h075forecastctrl_20260718cleanpilot/rollout_validation_selected_static.npz,1.1376074542203745,1.0925149906824771,0.4013514758202028,0.8771579735743514
134,secondary_validation_selected_static,4096,1.498665322720751,0.42440013211666605,1244,6.460067930888799,740,0.2832291228651554,1166,2.389232395290207,3,reports/aggregate/pdppo_secondary_forecaster_24seed_20260718/seed134/rollout_secondary_validation_selected_static.npz,1.1389883861086683,1.091114731424274,0.4120056293277315,0.8807029156202245
134,aoi,4096,1.50006989666991,0.47363269962510685,1244,5.868386841848851,740,0.5762548317714495,1166,2.3060914577484692,3,reports/v31_scenebal2_matched_reward_forecast_noexactevent_seed134_h075forecastctrl_20260718cleanpilot/rollout_aoi.npz,1.271116814841132,0.9911789475496573,0.8382620834163909,1.0335192819357268
134,feasible_static_projected,4096,1.5595506556768635,0.37574580767179405,1244,6.241800682984461,740,0.7141834184938425,1166,2.443909969716699,3,reports/v31_scenebal2_matched_reward_forecast_noexactevent_seed134_h075forecastctrl_20260718cleanpilot/rollout_feasible_static_projected.npz,1.008411823372259,1.0542490804553233,1.0389030118632139,1.0338546385635987
134,round_robin,4096,1.5450772323964284,0.4657071308102777,1244,6.1323310448564925,740,0.5828116867943918,1166,2.3936166208203873,3,reports/v31_scenebal2_matched_reward_forecast_noexactevent_seed134_h075forecastctrl_20260718cleanpilot/rollout_round_robin.npz,1.249846484908921,1.035759501695015,0.8478001604079443,1.0444687156706267
134,random,4096,1.563662955136393,0.4723414924029007,1244,6.231323210758466,740,0.5948381498095896,1166,2.4328342843236523,3,reports/v31_scenebal2_matched_reward_forecast_noexactevent_seed134_h075forecastctrl_20260718cleanpilot/rollout_random.npz,1.2676515236716464,1.0524794203811298,0.8652947259845298,1.061808556679102
135,custom_ppo,4096,0.638834548191818,0.43248534129964616,1272,3.251500207845273,294,0.2364733879511215,902,1.3068196456986803,3,reports/v31_scenebal2_matched_reward_forecast_noexactevent_seed135_h075forecastctrl_20260718cleanpilot/rollout_custom_ppo.npz,0.8828052515821156,0.49242513762386925,0.2704538399025624,0.5485614097028492
135,full_open_unconstrained,4096,0.7089217688442581,0.48917756289412323,1272,3.3049445319041846,294,0.24503153086267182,902,1.3463845418869933,3,reports/v31_scenebal2_matched_reward_forecast_noexactevent_seed135_h075forecastctrl_20260718cleanpilot/rollout_full_open_unconstrained.npz,0.9985275343236841,0.5005190410369539,0.2802417599426056,0.5930961117677479
135,secondary_validation_selected_static,4096,0.8119424377286473,0.3171822100948443,1272,6.204891571644438,294,0.25146755404731547,902,2.257847111928866,3,reports/aggregate/pdppo_secondary_forecaster_24seed_20260718/seed135/rollout_secondary_validation_selected_static.npz,0.6474441883711067,0.9397030265401712,0.28760261859596314,0.6249166111690804
135,round_robin,4096,0.8726258620395904,0.3882685569801951,1272,5.44400977196225,294,0.5627101455458743,902,2.13166282482944,3,reports/v31_scenebal2_matched_reward_forecast_noexactevent_seed135_h075forecastctrl_20260718cleanpilot/rollout_round_robin.npz,0.7925482979291131,0.8244708872279943,0.6435697519015044,0.753529645686204
135,feasible_static_projected,4096,0.8819096962976039,0.25902349526959806,1272,6.02653872970498,294,0.7646783342319576,902,2.3500801864021788,3,reports/v31_scenebal2_matched_reward_forecast_noexactevent_seed135_h075forecastctrl_20260718cleanpilot/rollout_feasible_static_projected.npz,0.5287284448069305,0.9126922877661927,0.8745601083284482,0.7719936136338571
135,random,4096,0.8720576297340448,0.4295398094765641,1272,5.331183043841015,294,0.5547088980775646,902,2.1051439171317146,3,reports/v31_scenebal2_matched_reward_forecast_noexactevent_seed135_h075forecastctrl_20260718cleanpilot/rollout_random.npz,0.8767927218757794,0.8073837847918027,0.6344187513573659,0.7728650860083159
135,aoi,4096,0.8925302199117826,0.3991482303886084,1272,5.8151320124046615,294,0.5457961995671804,902,2.25335881412015,3,reports/v31_scenebal2_matched_reward_forecast_noexactevent_seed135_h075forecastctrl_20260718cleanpilot/rollout_aoi.npz,0.8147562941390726,0.8806756876718606,0.6242253272392766,0.7732191030167366
135,validation_selected_static,4096,0.9758251126658666,0.4950359037064522,1272,6.158348123103218,294,0.7920640908077595,902,2.48181603920581,3,reports/v31_scenebal2_matched_reward_forecast_noexactevent_seed135_h075forecastctrl_20260718cleanpilot/rollout_validation_selected_static.npz,1.010485798664252,0.932654229803791,0.9058811084999068,0.9496737123226499
136,custom_ppo,4096,0.8994868133758956,0.6064120017593361,837,3.30357218462399,580,0.3106960108719436,951,1.4068933990850898,3,reports/v31_scenebal2_matched_reward_forecast_noexactevent_seed136_h075forecastctrl_20260718cleanpilot/rollout_custom_ppo.npz,0.774236585547576,0.5510227241658842,0.35317661792501587,0.5594786425461588
136,full_open_unconstrained,4096,0.9638415654034563,0.6767057893688168,837,3.2925155890055637,580,0.3059527791165659,951,1.425058052496982,3,reports/v31_scenebal2_matched_reward_forecast_noexactevent_seed136_h075forecastctrl_20260718cleanpilot/rollout_full_open_unconstrained.npz,0.863984186099799,0.5491785279149222,0.34778485719819635,0.5869825237376392
136,validation_selected_static,4096,0.9544958291028465,0.46187074043461446,837,3.223590682173048,580,0.8001616470503075,951,1.4952076898859898,3,reports/v31_scenebal2_matched_reward_forecast_noexactevent_seed136_h075forecastctrl_20260718cleanpilot/rollout_validation_selected_static.npz,0.5896935153014082,0.5376821271090002,0.9095655380493879,0.6789803934865987
136,secondary_validation_selected_static,4096,1.299523167774215,0.5432684589285657,837,6.219578941215536,580,0.30777393929946784,951,2.356873779814523,3,reports/aggregate/pdppo_secondary_forecaster_24seed_20260718/seed136/rollout_secondary_validation_selected_static.npz,0.6936180607511707,1.0374010736936337,0.34985501958068704,0.6936247180084972
136,random,4096,1.3396721710343293,0.5969104654286981,837,5.660487360065022,580,0.5841398152381672,951,2.280512546910629,3,reports/v31_scenebal2_matched_reward_forecast_noexactevent_seed136_h075forecastctrl_20260718cleanpilot/rollout_random.npz,0.7621054980612685,0.9441468177286373,0.6640076380838696,0.7900866512912584
136,feasible_static_projected,4096,1.3100171572014783,0.45858501527544326,837,6.128227295114683,580,0.6793682579055029,951,2.4220601894318765,3,reports/v31_scenebal2_matched_reward_forecast_noexactevent_seed136_h075forecastctrl_20260718cleanpilot/rollout_feasible_static_projected.npz,0.5854984653668688,1.0221639818190211,0.7722564025824195,0.7933062832561032
136,round_robin,4096,1.3321320761154682,0.5784057321549392,837,5.758078276895224,580,0.6046477220630526,951,2.313710577037739,3,reports/v31_scenebal2_matched_reward_forecast_noexactevent_seed136_h075forecastctrl_20260718cleanpilot/rollout_round_robin.npz,0.738479577952864,0.9604245951890215,0.6873195343415902,0.7954079024944919
136,aoi,4096,1.3426206527137357,0.592450078962573,837,5.813801491293091,580,0.602838280348619,951,2.336363283534761,3,reports/v31_scenebal2_matched_reward_forecast_noexactevent_seed136_h075forecastctrl_20260718cleanpilot/rollout_aoi.npz,0.7564106991823936,0.9697190061117502,0.6852626926613812,0.8037974659851749
137,custom_ppo,4096,1.1564741906631997,0.6129650114417919,805,3.182106689745228,997,0.2935913463918017,966,1.3628876825262741,3,reports/v31_scenebal2_matched_reward_forecast_noexactevent_seed137_h075forecastctrl_20260718cleanpilot/rollout_custom_ppo.npz,0.820881642720289,0.49486234860371586,0.4284631454274564,0.5814023789171537
137,full_open_unconstrained,4096,1.2112333523035277,0.6825046654292435,805,3.3120167204202255,997,0.2987867465532072,966,1.431102710800892,3,reports/v31_scenebal2_matched_reward_forecast_noexactevent_seed137_h075forecastctrl_20260718cleanpilot/rollout_full_open_unconstrained.npz,0.9140090224791261,0.515065185640634,0.43604524047987475,0.621706482866545
137,secondary_validation_selected_static,4096,1.9334574357047103,0.6317493036356628,805,6.367711831620845,997,0.29532230473284277,966,2.43159447999645,3,reports/aggregate/pdppo_secondary_forecaster_24seed_20260718/seed137/rollout_secondary_validation_selected_static.npz,0.8460375330983924,0.9902687557216546,0.43098928206098175,0.7557651902936762
137,aoi,4096,1.8641659492637226,0.6791119477314772,805,5.754478794110988,997,0.5297429612651873,966,2.3211112343692175,3,reports/v31_scenebal2_matched_reward_forecast_noexactevent_seed137_h075forecastctrl_20260718cleanpilot/rollout_aoi.npz,0.9094655010300343,0.8949023928773545,0.7730995420717736,0.8591558119930541
137,round_robin,4096,1.8876772355296874,0.7058948824678164,805,5.765853811110864,997,0.5443606067382226,966,2.338703100105634,3,reports/v31_scenebal2_matched_reward_forecast_noexactevent_seed137_h075forecastctrl_20260718cleanpilot/rollout_round_robin.npz,0.945333159139137,0.896671368017662,0.7944323314577452,0.8788122862048481
137,random,4096,1.9272489651735771,0.6901220049052408,805,5.943309309311194,997,0.5409342348959192,966,2.391455183037451,3,reports/v31_scenebal2_matched_reward_forecast_noexactevent_seed137_h075forecastctrl_20260718cleanpilot/rollout_random.npz,0.9242101498281519,0.9242681940119183,0.7894319318376616,0.8793034252259107
137,feasible_static_projected,4096,1.965208402569956,0.6047983493702802,805,6.271155038930918,997,0.6460747679167403,966,2.507342718739313,3,reports/v31_scenebal2_matched_reward_forecast_noexactevent_seed137_h075forecastctrl_20260718cleanpilot/rollout_feasible_static_projected.npz,0.8099448635376804,0.9752528163258563,0.9428725697980942,0.9093567498872103
137,validation_selected_static,4096,2.043759993699536,0.6357839817448636,805,6.387464138644231,997,0.6985762365518617,966,2.5739414523136523,3,reports/v31_scenebal2_matched_reward_forecast_noexactevent_seed137_h075forecastctrl_20260718cleanpilot/rollout_validation_selected_static.npz,0.8514407667778123,0.9933405172925142,1.0194924861117898,0.9547579233940388
138,custom_ppo,4096,0.745490951857876,0.5235848920234574,994,3.2984127901336584,452,0.3108729161402444,1188,1.3776235327657869,3,reports/v31_scenebal2_matched_reward_forecast_noexactevent_seed138_h075forecastctrl_20260718cleanpilot/rollout_custom_ppo.npz,1.4410084602129798,0.46678252510733564,0.6869302001730694,0.8649070618311283
138,full_open_unconstrained,4096,0.8060058556469663,0.6301757783393923,994,3.3801942316513465,452,0.3218233128254951,1188,1.4440644409387449,3,reports/v31_scenebal2_matched_reward_forecast_noexactevent_seed138_h075forecastctrl_20260718cleanpilot/rollout_full_open_unconstrained.npz,1.7343675148817703,0.4783560152092211,0.7111270915599673,0.974616873883653
138,secondary_validation_selected_static,4096,0.8270639628466692,0.4024967343484674,994,3.293316300200682,452,0.6841185029583001,1188,1.4599771791691498,3,reports/aggregate/pdppo_secondary_forecaster_24seed_20260718/seed138/rollout_secondary_validation_selected_static.npz,1.1077500673534577,0.466061283531019,1.5116841505975398,1.0284985004940055
138,validation_selected_static,4096,0.8263851915647308,0.4035066737202663,994,3.316689818119191,452,0.6824935910621094,1188,1.4675633609671888,3,reports/v31_scenebal2_matched_reward_forecast_noexactevent_seed138_h075forecastctrl_20260718cleanpilot/rollout_validation_selected_static.npz,1.1105296188669478,0.4693690410522361,1.5080936124832116,1.0293307574674653
138,random,4096,1.0282975154866523,0.4829277152800335,994,5.455641107315195,452,0.5042875190594202,1188,2.1476187805515496,3,reports/v31_scenebal2_matched_reward_forecast_noexactevent_seed138_h075forecastctrl_20260718cleanpilot/rollout_random.npz,1.3291119243346616,0.7720676865459202,1.1143149127085472,1.071831507863043
138,round_robin,4096,1.0706997285606819,0.4904752365487653,994,5.698869948352869,452,0.5146802678286826,1188,2.2346751509101055,3,reports/v31_scenebal2_matched_reward_forecast_noexactevent_seed138_h075forecastctrl_20260718cleanpilot/rollout_round_robin.npz,1.349884185275668,0.8064887793024443,1.137279579689048,1.0978841814223868
138,aoi,4096,1.1006822701755796,0.5129819211283481,994,5.943884830952473,452,0.4972925398965027,1188,2.3180530973257745,3,reports/v31_scenebal2_matched_reward_forecast_noexactevent_seed138_h075forecastctrl_20260718cleanpilot/rollout_aoi.npz,1.411827001778996,0.8411626278670704,1.0988582351174327,1.117282621587833
138,feasible_static_projected,4096,1.1114209028883322,0.3814361492049352,994,6.361389260712341,452,0.6405324696444131,1188,2.4611192931872297,3,reports/v31_scenebal2_matched_reward_forecast_noexactevent_seed138_h075forecastctrl_20260718cleanpilot/rollout_feasible_static_projected.npz,1.0497872005266853,0.9002467341832214,1.415372889517622,1.1218022747425096
139,custom_ppo,4096,0.9390138876608127,0.451308651709772,1224,3.1252642957238597,732,0.25988809016720865,1032,1.2788203458669467,3,reports/v31_scenebal2_matched_reward_forecast_noexactevent_seed139_h075forecastctrl_20260718cleanpilot/rollout_custom_ppo.npz,0.7989129577959064,0.4502874659935656,0.3238538943613709,0.5243514393836143
139,full_open_unconstrained,4096,0.9998309544531294,0.5403114060070461,1224,3.190699979355135,732,0.2791810631184177,1032,1.3367308161601998,3,reports/v31_scenebal2_matched_reward_forecast_noexactevent_seed139_h075forecastctrl_20260718cleanpilot/rollout_full_open_unconstrained.npz,0.9564668921559862,0.4597154264410065,0.3478954132321961,0.5880259106097296
139,secondary_validation_selected_static,4096,1.5334760474061027,0.3331611836249721,1224,6.67121352415445,732,0.280674910394086,1032,2.4283498727245028,3,reports/aggregate/pdppo_secondary_forecaster_24seed_20260718/seed139/rollout_secondary_validation_selected_static.npz,0.5897666389160613,0.961187134478093,0.34975693854293666,0.6335702373123636
139,validation_selected_static,4096,1.5306467256743541,0.3410526321953958,1224,6.647143515345604,732,0.2797269666447079,1032,2.4226410380619026,3,reports/v31_scenebal2_matched_reward_forecast_noexactevent_seed139_h075forecastctrl_20260718cleanpilot/rollout_validation_selected_static.npz,0.6037361927786046,0.9577191323357437,0.34857567904515013,0.6366770013864995
139,aoi,4096,1.5167447774071516,0.39679053654300755,1224,5.956858217156229,732,0.6222520031586359,1032,2.3253002522859574,3,reports/v31_scenebal2_matched_reward_forecast_noexactevent_seed139_h075forecastctrl_20260718cleanpilot/rollout_aoi.npz,0.7024042193165315,0.8582629621297246,0.7754058078130236,0.77869099641976
139,feasible_static_projected,4096,1.5973744711341542,0.2803744377777378,1224,6.5616130917624815,732,0.7591895466064773,1032,2.533725692048899,3,reports/v31_scenebal2_matched_reward_forecast_noexactevent_seed139_h075forecastctrl_20260718cleanpilot/rollout_feasible_static_projected.npz,0.4963227948916512,0.9453959257022131,0.9460475509622771,0.7959220905187139
139,random,4096,1.5733647657241792,0.4053562396116176,1224,6.224744761946816,732,0.6240220715685358,1032,2.4180410243756567,3,reports/v31_scenebal2_matched_reward_forecast_noexactevent_seed139_h075forecastctrl_20260718cleanpilot/rollout_random.npz,0.7175673480272692,0.8968600028960276,0.7776115400859542,0.7973462970030836
139,round_robin,4096,1.5605671587718322,0.42484899908595747,1224,6.117737704485721,732,0.6282054013467544,1032,2.390264034972811,3,reports/v31_scenebal2_matched_reward_forecast_noexactevent_seed139_h075forecastctrl_20260718cleanpilot/rollout_round_robin.npz,0.752073706521065,0.8814424470709054,0.7828245055558314,0.8054468863826006
140,custom_ppo,4096,0.7224492177924147,0.5325448712157557,1449,3.123278475757554,416,0.29650370238509066,1146,1.3174423497861334,3,reports/v31_scenebal2_matched_reward_forecast_noexactevent_seed140_h075forecastctrl_20260718cleanpilot/rollout_custom_ppo.npz,1.1784793878666324,0.49806852300420457,0.4679719719060504,0.7148399609256292
140,full_open_unconstrained,4096,0.7680980494937173,0.5486084472982593,1449,3.266013562193507,416,0.3056047598222803,1146,1.3734089231046822,3,reports/v31_scenebal2_matched_reward_forecast_noexactevent_seed140_h075forecastctrl_20260718cleanpilot/rollout_full_open_unconstrained.npz,1.2140268024261625,0.5208304554523796,0.48233617633605225,0.7390644780715313
140,validation_selected_static,4096,1.0004424912796976,0.46632970654190353,1449,6.346832579426538,416,0.2807111952267154,1146,2.364624493731719,3,reports/v31_scenebal2_matched_reward_forecast_noexactevent_seed140_h075forecastctrl_20260718cleanpilot/rollout_validation_selected_static.npz,1.031950501851476,1.0121279780610022,0.44304664835428315,0.8290417094222539
140,secondary_validation_selected_static,4096,0.9992605444017642,0.4665496088670298,1449,6.306374245250912,416,0.2898400222925096,1146,2.3542546254701504,3,reports/aggregate/pdppo_secondary_forecaster_24seed_20260718/seed140/rollout_secondary_validation_selected_static.npz,1.0324371281838518,1.005676096519707,0.4574546816058229,0.8318559687697938
140,random,4096,1.0698064075067009,0.5160336081190353,1449,5.8165653513378945,416,0.6409210751181638,1146,2.324506678191698,3,reports/v31_scenebal2_matched_reward_forecast_noexactevent_seed140_h075forecastctrl_20260718cleanpilot/rollout_random.npz,1.1419412775986535,0.9275663812832494,1.011566118556079,1.0270245924793273
140,round_robin,4096,1.0700142867020543,0.527017398993298,1449,5.684307295394011,416,0.6484479763090117,1146,2.2865908902321066,3,reports/v31_scenebal2_matched_reward_forecast_noexactevent_seed140_h075forecastctrl_20260718cleanpilot/rollout_round_robin.npz,1.1662475320489232,0.9064752185545082,1.023445831235175,1.0320561939462023
140,aoi,4096,1.084620794658658,0.5484556502875442,1449,5.804106596945707,416,0.6222106696403678,1146,2.3249243056245397,3,reports/v31_scenebal2_matched_reward_forecast_noexactevent_seed140_h075forecastctrl_20260718cleanpilot/rollout_aoi.npz,1.2136886748102784,0.9255795864947751,0.9820354743308207,1.0404345785452913
140,feasible_static_projected,4096,1.1327844388594643,0.46537899265779636,1449,6.440492433464652,416,0.7543862533389318,1146,2.5534192264871263,3,reports/v31_scenebal2_matched_reward_forecast_noexactevent_seed140_h075forecastctrl_20260718cleanpilot/rollout_feasible_static_projected.npz,1.0298466477412653,1.0270638941272883,1.190648277623629,1.0825196064973943
