action_idx,sensor_ids,sensor_count,has_laser,has_fc4,has_snow_particle_counter,has_radiometer,oracle_loss_mean,oracle_loss_event,oracle_loss_non_event,oracle_loss_subtype_particle,oracle_loss_subtype_flux,oracle_loss_subtype_thermal,steps_subtype_particle,steps_subtype_flux,steps_subtype_thermal,power_mean,peak_max,soc_min,energy_deficit_total,energy_deficit_steps,energy_guard_dropped,warmup_abort_count,always_on_sensor_count,always_off_sensor_count,mid_duty_sensor_count,duty_entropy,switches_per_step,duty__met_station_core,duty__radiometer_basic,duty__surface_temp_ir,duty__ultrasonic_anemometer_hd,duty__shielded_thermo_hygro,duty__snow_particle_counter,duty__laser_disdrometer,duty__fc4_flux
11,met_station_core|radiometer_basic|ultrasonic_anemometer_hd,3,False,False,False,True,0.2699664816900622,0.27713103257515964,0.2501586057136164,inf,inf,inf,0,0,0,1.3599999999999997,1.81,0.0,0.0,0,0,0,3,5,0,0.0,0.0,1.0,1.0,0.0,1.0,0.0,0.0,0.0,0.0
3,met_station_core|radiometer_basic,2,False,False,False,True,0.2702748075535055,0.27696588521506244,0.25177594578331886,inf,inf,inf,0,0,0,0.7799999999999999,1.03,0.0,0.0,0,0,0,2,6,0,0.0,0.0,1.0,1.0,0.0,0.0,0.0,0.0,0.0,0.0
18,met_station_core|radiometer_basic|shielded_thermo_hygro,3,False,False,False,True,0.27062741999543505,0.2772852434439862,0.2522204963435583,inf,inf,inf,0,0,0,1.3000000000000003,1.73,0.0,0.0,0,0,0,3,5,0,0.0,0.0,1.0,1.0,0.0,0.0,1.0,0.0,0.0,0.0
56,met_station_core|radiometer_basic|fc4_flux,3,False,True,False,True,0.2743397264421219,0.2816696384069609,0.25407467571580233,inf,inf,inf,0,0,0,1.6400000000000003,2.23,0.0,0.0,0,0,0,3,5,0,0.0,0.0,1.0,1.0,0.0,0.0,0.0,0.0,0.0,1.0
7,met_station_core|radiometer_basic|surface_temp_ir,3,False,False,False,True,0.2858415351147414,0.2920108524131331,0.2687851872897762,inf,inf,inf,0,0,0,1.16,1.53,0.0,0.0,0,0,0,3,5,0,0.0,0.0,1.0,1.0,1.0,0.0,0.0,0.0,0.0,0.0
22,met_station_core|radiometer_basic|surface_temp_ir|shielded_thermo_hygro,4,False,False,False,True,0.28629820069181733,0.2925448221590449,0.26902812957654104,inf,inf,inf,0,0,0,1.68,2.23,0.0,0.0,0,0,0,4,4,0,0.0,0.0,1.0,1.0,1.0,0.0,1.0,0.0,0.0,0.0
30,met_station_core|radiometer_basic|snow_particle_counter,3,False,False,True,True,0.28690850638668053,0.2934391137331407,0.2688532978405847,inf,inf,inf,0,0,0,1.4600000000000004,1.9500000000000002,0.0,0.0,0,0,0,3,5,0,0.0,0.0,1.0,1.0,0.0,0.0,0.0,1.0,0.0,0.0
45,met_station_core|radiometer_basic|laser_disdrometer,3,True,False,False,True,0.29185796016827226,0.29971104468952153,0.27014649119775963,inf,inf,inf,0,0,0,1.6000000000000003,2.1799999999999997,0.0,0.0,0,0,0,3,5,0,0.0,0.0,1.0,1.0,0.0,0.0,0.0,0.0,1.0,0.0
25,radiometer_basic|ultrasonic_anemometer_hd|shielded_thermo_hygro,3,False,False,False,True,0.3010821095012943,0.3020904828556516,0.2982942537568948,inf,inf,inf,0,0,0,1.4600000000000004,1.96,0.0,0.0,0,0,0,3,5,0,0.0,0.0,0.0,1.0,0.0,1.0,1.0,0.0,0.0,0.0
21,radiometer_basic|surface_temp_ir|shielded_thermo_hygro,3,False,False,False,True,0.30474641748151043,0.3073594272235765,0.2975222140769748,inf,inf,inf,0,0,0,1.2600000000000002,1.68,0.0,0.0,0,0,0,3,5,0,0.0,0.0,0.0,1.0,1.0,0.0,1.0,0.0,0.0,0.0
24,met_station_core|ultrasonic_anemometer_hd|shielded_thermo_hygro,3,False,False,False,False,0.3171893386170268,0.32068408747263094,0.30752738589859185,inf,inf,inf,0,0,0,1.5199999999999998,2.0300000000000002,0.0,0.0,0,0,0,3,5,0,0.0,0.0,1.0,0.0,0.0,1.0,1.0,0.0,0.0,0.0
9,met_station_core|ultrasonic_anemometer_hd,2,False,False,False,False,0.31726897390035447,0.3205435589708863,0.3082157092935899,inf,inf,inf,0,0,0,1.0,1.33,0.0,0.0,0,0,0,2,6,0,0.0,0.0,1.0,0.0,0.0,1.0,0.0,0.0,0.0,0.0
16,met_station_core|shielded_thermo_hygro,2,False,False,False,False,0.3190900140471058,0.32216091792871976,0.31059986802146716,inf,inf,inf,0,0,0,0.9399999999999996,1.25,0.0,0.0,0,0,0,2,6,0,0.0,0.0,1.0,0.0,0.0,0.0,1.0,0.0,0.0,0.0
54,met_station_core|fc4_flux,2,False,True,False,False,0.31982705199334305,0.3238340055847422,0.3087490038288867,inf,inf,inf,0,0,0,1.28,1.75,0.0,0.0,0,0,0,2,6,0,0.0,0.0,1.0,0.0,0.0,0.0,0.0,0.0,0.0,1.0
1,met_station_core,1,False,False,False,False,0.3212432869768236,0.32481261725200616,0.3113751385689658,inf,inf,inf,0,0,0,0.42,0.55,0.0,0.0,0,0,0,1,7,0,0.0,0.0,1.0,0.0,0.0,0.0,0.0,0.0,0.0,0.0
40,radiometer_basic|shielded_thermo_hygro|snow_particle_counter,3,False,False,True,True,0.33267999061354203,0.3317804065077229,0.33516707608257146,inf,inf,inf,0,0,0,1.5599999999999998,2.1,0.0,0.0,0,0,0,3,5,0,0.0,0.0,0.0,1.0,0.0,0.0,1.0,1.0,0.0,0.0
35,met_station_core|ultrasonic_anemometer_hd|snow_particle_counter,3,False,False,True,False,0.3353490240187966,0.33892690610299087,0.32545723237425966,inf,inf,inf,0,0,0,1.68,2.25,0.0,0.0,0,0,0,3,5,0,0.0,0.0,1.0,0.0,0.0,1.0,0.0,1.0,0.0,0.0
28,met_station_core|snow_particle_counter,2,False,False,True,False,0.33723431637190515,0.3403351481885035,0.32866142840836854,inf,inf,inf,0,0,0,1.0999999999999999,1.4700000000000002,0.0,0.0,0,0,0,2,6,0,0.0,0.0,1.0,0.0,0.0,0.0,0.0,1.0,0.0,0.0
39,met_station_core|shielded_thermo_hygro|snow_particle_counter,3,False,False,True,False,0.33791525838751113,0.3413318063608034,0.328469508108409,inf,inf,inf,0,0,0,1.6200000000000008,2.17,0.0,0.0,0,0,0,3,5,0,0.0,0.0,1.0,0.0,0.0,0.0,1.0,1.0,0.0,0.0
51,radiometer_basic|shielded_thermo_hygro|laser_disdrometer,3,True,False,False,True,0.33919401779712643,0.34067603985362865,0.335096662699738,inf,inf,inf,0,0,0,1.6999999999999995,2.33,0.0,0.0,0,0,0,3,5,0,0.0,0.0,0.0,1.0,0.0,0.0,1.0,0.0,1.0,0.0
43,met_station_core|laser_disdrometer,2,True,False,False,False,0.34361574015929364,0.34867515284171763,0.32962795215494495,inf,inf,inf,0,0,0,1.2399999999999998,1.7,0.0,0.0,0,0,0,2,6,0,0.0,0.0,1.0,0.0,0.0,0.0,0.0,0.0,1.0,0.0
19,surface_temp_ir|shielded_thermo_hygro,2,False,False,False,False,0.34364137920056237,0.3389307140927524,0.35666498273391933,inf,inf,inf,0,0,0,0.9000000000000002,1.2,0.0,0.0,0,0,0,2,6,0,0.0,0.0,0.0,0.0,1.0,0.0,1.0,0.0,0.0,0.0
58,met_station_core|surface_temp_ir|fc4_flux,3,False,True,False,False,0.34958289600763237,0.3565022091856821,0.3304530301624361,inf,inf,inf,0,0,0,1.66,2.25,0.0,0.0,0,0,0,3,5,0,0.0,0.0,1.0,0.0,1.0,0.0,0.0,0.0,0.0,1.0
13,met_station_core|surface_temp_ir|ultrasonic_anemometer_hd,3,False,False,False,False,0.3520187087051454,0.3598595809468881,0.3303410030956216,inf,inf,inf,0,0,0,1.3799999999999994,1.83,0.0,0.0,0,0,0,3,5,0,0.0,0.0,1.0,0.0,1.0,1.0,0.0,0.0,0.0,0.0
20,met_station_core|surface_temp_ir|shielded_thermo_hygro,3,False,False,False,False,0.3531009140788228,0.3606081694126763,0.33234556109699254,inf,inf,inf,0,0,0,1.32,1.75,0.0,0.0,0,0,0,3,5,0,0.0,0.0,1.0,0.0,1.0,0.0,1.0,0.0,0.0,0.0
5,met_station_core|surface_temp_ir,2,False,False,False,False,0.3532300344304531,0.3606082727102206,0.3328313756569782,inf,inf,inf,0,0,0,0.8000000000000002,1.05,0.0,0.0,0,0,0,2,6,0,0.0,0.0,1.0,0.0,1.0,0.0,0.0,0.0,0.0,0.0
17,radiometer_basic|shielded_thermo_hygro,2,False,False,False,True,0.3539761981664924,0.3635217305867279,0.32758560853407664,inf,inf,inf,0,0,0,0.8800000000000003,1.18,0.0,0.0,0,0,0,2,6,0,0.0,0.0,0.0,1.0,0.0,0.0,1.0,0.0,0.0,0.0
32,met_station_core|surface_temp_ir|snow_particle_counter,3,False,False,True,False,0.3546280811642646,0.36200447114025974,0.33423453240710144,inf,inf,inf,0,0,0,1.4800000000000002,1.9700000000000002,0.0,0.0,0,0,0,3,5,0,0.0,0.0,1.0,0.0,1.0,0.0,0.0,1.0,0.0,0.0
41,surface_temp_ir|shielded_thermo_hygro|snow_particle_counter,3,False,False,True,False,0.3582579544163309,0.355418550484675,0.3661080711685559,inf,inf,inf,0,0,0,1.5799999999999996,2.12,0.0,0.0,0,0,0,3,5,0,0.0,0.0,0.0,0.0,1.0,0.0,1.0,1.0,0.0,0.0
6,radiometer_basic|surface_temp_ir,2,False,False,False,True,0.3604110735177528,0.363709673959207,0.35129141347373233,inf,inf,inf,0,0,0,0.7400000000000001,0.98,0.0,0.0,0,0,0,2,6,0,0.0,0.0,0.0,1.0,1.0,0.0,0.0,0.0,0.0,0.0
59,radiometer_basic|surface_temp_ir|fc4_flux,3,False,True,False,True,0.36055718940042425,0.3638573740708067,0.3514331494293669,inf,inf,inf,0,0,0,1.6000000000000003,2.1799999999999997,0.0,0.0,0,0,0,3,5,0,0.0,0.0,0.0,1.0,1.0,0.0,0.0,0.0,0.0,1.0
33,radiometer_basic|surface_temp_ir|snow_particle_counter,3,False,False,True,True,0.36178461826057173,0.36083103373567477,0.36442099900587516,inf,inf,inf,0,0,0,1.4200000000000004,1.9,0.0,0.0,0,0,0,3,5,0,0.0,0.0,0.0,1.0,1.0,0.0,0.0,1.0,0.0,0.0
61,shielded_thermo_hygro|fc4_flux,2,False,True,False,False,0.36278632703761104,0.36108026560395956,0.3675030851188828,inf,inf,inf,0,0,0,1.3799999999999994,1.9,0.0,0.0,0,0,0,2,6,0,0.0,0.0,0.0,0.0,0.0,0.0,1.0,0.0,0.0,1.0
48,radiometer_basic|surface_temp_ir|laser_disdrometer,3,True,False,False,True,0.3642186489450978,0.36523499496360406,0.36140875112922755,inf,inf,inf,0,0,0,1.5599999999999998,2.13,0.0,0.0,0,0,0,3,5,0,0.0,0.0,0.0,1.0,1.0,0.0,0.0,0.0,1.0,0.0
15,shielded_thermo_hygro,1,False,False,False,False,0.3672513023484498,0.36619234929217936,0.37017899609225635,inf,inf,inf,0,0,0,0.5199999999999998,0.7,0.0,0.0,0,0,0,1,7,0,0.0,0.0,0.0,0.0,0.0,0.0,1.0,0.0,0.0,0.0
47,met_station_core|surface_temp_ir|laser_disdrometer,3,True,False,False,False,0.3678397766780108,0.37787882553690927,0.34008475924458575,inf,inf,inf,0,0,0,1.62,2.2,0.0,0.0,0,0,0,3,5,0,0.0,0.0,1.0,0.0,1.0,0.0,0.0,0.0,1.0,0.0
23,ultrasonic_anemometer_hd|shielded_thermo_hygro,2,False,False,False,False,0.3682855905062752,0.3710081508541678,0.36075851189739566,inf,inf,inf,0,0,0,1.0999999999999999,1.48,0.0,0.0,0,0,0,2,6,0,0.0,0.0,0.0,0.0,0.0,1.0,1.0,0.0,0.0,0.0
14,radiometer_basic|surface_temp_ir|ultrasonic_anemometer_hd,3,False,False,False,True,0.3689634827314876,0.37037016536564904,0.3650744189782178,inf,inf,inf,0,0,0,1.32,1.76,0.0,0.0,0,0,0,3,5,0,0.0,0.0,0.0,1.0,1.0,1.0,0.0,0.0,0.0,0.0
50,shielded_thermo_hygro|laser_disdrometer,2,True,False,False,False,0.3766182706167456,0.3717096349264079,0.39018920458414974,inf,inf,inf,0,0,0,1.3399999999999999,1.8499999999999999,0.0,0.0,0,0,0,2,6,0,0.0,0.0,0.0,0.0,0.0,0.0,1.0,0.0,1.0,0.0
38,shielded_thermo_hygro|snow_particle_counter,2,False,False,True,False,0.3796916026767576,0.3731292851388137,0.3978344805757789,inf,inf,inf,0,0,0,1.1999999999999997,1.62,0.0,0.0,0,0,0,2,6,0,0.0,0.0,0.0,0.0,0.0,0.0,1.0,1.0,0.0,0.0
26,surface_temp_ir|ultrasonic_anemometer_hd|shielded_thermo_hygro,3,False,False,False,False,0.3966995386144845,0.4040225485260499,0.3764535700354506,inf,inf,inf,0,0,0,1.4800000000000002,1.98,0.0,0.0,0,0,0,3,5,0,0.0,0.0,0.0,0.0,1.0,1.0,1.0,0.0,0.0,0.0
4,surface_temp_ir,1,False,False,False,False,0.40535162888409104,0.40603050777807514,0.40347472841248794,inf,inf,inf,0,0,0,0.37999999999999995,0.5,0.0,0.0,0,0,0,1,7,0,0.0,0.0,0.0,0.0,1.0,0.0,0.0,0.0,0.0,0.0
57,surface_temp_ir|fc4_flux,2,False,True,False,False,0.4105107519062585,0.41168335182195964,0.407268858021673,inf,inf,inf,0,0,0,1.2399999999999998,1.7,0.0,0.0,0,0,0,2,6,0,0.0,0.0,0.0,0.0,1.0,0.0,0.0,0.0,0.0,1.0
46,surface_temp_ir|laser_disdrometer,2,True,False,False,False,0.43439632855006494,0.4352266745879612,0.43210066597470465,inf,inf,inf,0,0,0,1.1999999999999997,1.65,0.0,0.0,0,0,0,2,6,0,0.0,0.0,0.0,0.0,1.0,0.0,0.0,0.0,1.0,0.0
31,surface_temp_ir|snow_particle_counter,2,False,False,True,False,0.43640240429522237,0.43452475922419986,0.4415935406680493,inf,inf,inf,0,0,0,1.0600000000000003,1.42,0.0,0.0,0,0,0,2,6,0,0.0,0.0,0.0,0.0,1.0,0.0,0.0,1.0,0.0,0.0
12,surface_temp_ir|ultrasonic_anemometer_hd,2,False,False,False,False,0.479921792895766,0.48816969606312033,0.45711876649190397,inf,inf,inf,0,0,0,0.9600000000000004,1.28,0.0,0.0,0,0,0,2,6,0,0.0,0.0,0.0,0.0,1.0,1.0,0.0,0.0,0.0,0.0
37,surface_temp_ir|ultrasonic_anemometer_hd|snow_particle_counter,3,False,False,True,False,0.48449010131298564,0.4918763829950005,0.4640692048980033,inf,inf,inf,0,0,0,1.6400000000000003,2.2,0.0,0.0,0,0,0,3,5,0,0.0,0.0,0.0,0.0,1.0,1.0,0.0,1.0,0.0,0.0
29,radiometer_basic|snow_particle_counter,2,False,False,True,True,0.5519669115456054,0.5680200746679243,0.5075846370309591,inf,inf,inf,0,0,0,1.0399999999999996,1.4,0.0,0.0,0,0,0,2,6,0,0.0,0.0,0.0,1.0,0.0,0.0,0.0,1.0,0.0,0.0
36,radiometer_basic|ultrasonic_anemometer_hd|snow_particle_counter,3,False,False,True,True,0.5588655288011068,0.5674426762506048,0.5351522387936711,inf,inf,inf,0,0,0,1.6200000000000008,2.18,0.0,0.0,0,0,0,3,5,0,0.0,0.0,0.0,1.0,0.0,1.0,0.0,1.0,0.0,0.0
44,radiometer_basic|laser_disdrometer,2,True,False,False,True,0.5608978576055961,0.5783075116019933,0.5127652847920271,inf,inf,inf,0,0,0,1.18,1.63,0.0,0.0,0,0,0,2,6,0,0.0,0.0,0.0,1.0,0.0,0.0,0.0,0.0,1.0,0.0
2,radiometer_basic,1,False,False,False,True,0.5972504881647183,0.6182629171996674,0.5391573020092705,inf,inf,inf,0,0,0,0.36000000000000004,0.48,0.0,0.0,0,0,0,1,7,0,0.0,0.0,0.0,1.0,0.0,0.0,0.0,0.0,0.0,0.0
55,radiometer_basic|fc4_flux,2,False,True,False,True,0.5983135877904715,0.6192487752302847,0.5404339519274586,inf,inf,inf,0,0,0,1.22,1.68,0.0,0.0,0,0,0,2,6,0,0.0,0.0,0.0,1.0,0.0,0.0,0.0,0.0,0.0,1.0
10,radiometer_basic|ultrasonic_anemometer_hd,2,False,False,False,True,0.6059791495790705,0.6202188354540379,0.5666106062776902,inf,inf,inf,0,0,0,0.9399999999999996,1.26,0.0,0.0,0,0,0,2,6,0,0.0,0.0,0.0,1.0,0.0,1.0,0.0,0.0,0.0,0.0
62,snow_particle_counter|fc4_flux,2,False,True,True,False,0.618067244256963,0.6256043424116488,0.5972293846528319,inf,inf,inf,0,0,0,1.5399999999999996,2.12,0.0,0.0,0,0,0,2,6,0,0.0,0.0,0.0,0.0,0.0,0.0,0.0,1.0,0.0,1.0
27,snow_particle_counter,1,False,False,True,False,0.6246390619926387,0.634211336044555,0.5981745396138114,inf,inf,inf,0,0,0,0.6799999999999998,0.92,0.0,0.0,0,0,0,1,7,0,0.0,0.0,0.0,0.0,0.0,0.0,0.0,1.0,0.0,0.0
52,snow_particle_counter|laser_disdrometer,2,True,False,True,False,0.6251274112146348,0.6343144102299467,0.5997280609958312,inf,inf,inf,0,0,0,1.5,2.07,0.0,0.0,0,0,0,2,6,0,0.0,0.0,0.0,0.0,0.0,0.0,0.0,1.0,1.0,0.0
63,laser_disdrometer|fc4_flux,2,True,True,False,False,0.6260338007705286,0.6339128171390993,0.6042506378691863,inf,inf,inf,0,0,0,1.68,2.3499999999999996,0.0,0.0,0,0,0,2,6,0,0.0,0.0,0.0,0.0,0.0,0.0,0.0,0.0,1.0,1.0
42,laser_disdrometer,1,True,False,False,False,0.632909687643405,0.6425236219817654,0.6063299868255854,inf,inf,inf,0,0,0,0.8200000000000002,1.15,0.0,0.0,0,0,0,1,7,0,0.0,0.0,0.0,0.0,0.0,0.0,0.0,0.0,1.0,0.0
34,ultrasonic_anemometer_hd|snow_particle_counter,2,False,False,True,False,0.6513697049376788,0.6644418574077018,0.6152290481087916,inf,inf,inf,0,0,0,1.2600000000000002,1.7000000000000002,0.0,0.0,0,0,0,2,6,0,0.0,0.0,0.0,0.0,0.0,1.0,0.0,1.0,0.0,0.0
53,fc4_flux,1,False,True,False,False,0.6671735754644033,0.6791690167911509,0.6340097082669244,inf,inf,inf,0,0,0,0.8599999999999999,1.2,0.0,0.0,0,0,0,1,7,0,0.0,0.0,0.0,0.0,0.0,0.0,0.0,0.0,0.0,1.0
0,,0,False,False,False,False,0.6674228095362196,0.6803400016171818,0.6317105726065004,inf,inf,inf,0,0,0,0.0,0.0,0.0,0.0,0,0,0,0,8,0,0.0,0.0,0.0,0.0,0.0,0.0,0.0,0.0,0.0,0.0
49,ultrasonic_anemometer_hd|laser_disdrometer,2,True,False,False,False,0.6738215552613838,0.6906367228465512,0.627332562525921,inf,inf,inf,0,0,0,1.3999999999999997,1.93,0.0,0.0,0,0,0,2,6,0,0.0,0.0,0.0,0.0,0.0,1.0,0.0,0.0,1.0,0.0
60,ultrasonic_anemometer_hd|fc4_flux,2,False,True,False,False,0.7097449558787048,0.728858099596456,0.6569027350119808,inf,inf,inf,0,0,0,1.4400000000000002,1.98,0.0,0.0,0,0,0,2,6,0,0.0,0.0,0.0,0.0,0.0,1.0,0.0,0.0,0.0,1.0
8,ultrasonic_anemometer_hd,1,False,False,False,False,0.7103338092565536,0.7310783985328484,0.6529811212573858,inf,inf,inf,0,0,0,0.58,0.78,0.0,0.0,0,0,0,1,7,0,0.0,0.0,0.0,0.0,0.0,1.0,0.0,0.0,0.0,0.0
